,t_split,fst,seg1,seg2,tajima1,tajima2,pi1,pi2
0,4499.0,0.2535793153464422,0.385,0.155,0.385,0.155,0.08706101010101011,0.02285898989898992
1,5977.0,0.27830465828244877,0.408,0.148,0.408,0.148,0.08971959595959601,0.01977535353535353
2,7801.0,0.293639168237956,0.402,0.132,0.402,0.132,0.08593515151515159,0.02008565656565657
3,3786.0,0.13974863055969267,0.428,0.154,0.428,0.154,0.08352727272727273,0.03626424242424248
4,3286.0,0.12084103823910364,0.44,0.203,0.44,0.203,0.08198464646464639,0.04827232323232321
5,1288.0,0.03193790397270757,0.444,0.309,0.444,0.309,0.08246868686868682,0.07671919191919184
6,2878.0,0.08436590889791507,0.418,0.238,0.418,0.238,0.08571030303030298,0.06025838383838384
7,4756.0,0.23833885564496549,0.385,0.124,0.385,0.124,0.0795408080808081,0.017894141414141397
8,1723.0,0.04340047970449079,0.456,0.271,0.456,0.271,0.0898759595959596,0.07514242424242422
9,1688.0,0.029063664569920933,0.467,0.325,0.467,0.325,0.09457373737373724,0.08977575757575768
10,6997.0,0.24939866379737707,0.408,0.143,0.408,0.143,0.08643535353535349,0.01999515151515154
11,3289.0,0.12084103823910364,0.44,0.203,0.44,0.203,0.08198464646464639,0.04827232323232321
12,4695.0,0.23833885564496549,0.385,0.124,0.385,0.124,0.0795408080808081,0.017894141414141397
13,3857.0,0.1424724049672893,0.382,0.168,0.382,0.168,0.0784880808080808,0.05365737373737365
14,5964.0,0.27830465828244877,0.408,0.148,0.408,0.148,0.08971959595959601,0.01977535353535353
15,3240.0,0.12084103823910364,0.44,0.203,0.44,0.203,0.08198464646464639,0.04827232323232321
16,3517.0,0.13973430640194107,0.42,0.188,0.42,0.188,0.08028323232323235,0.04720646464646465
17,4174.0,0.19594332705671624,0.444,0.16,0.444,0.16,0.08963717171717163,0.023314747474747505
18,7915.0,0.293639168237956,0.402,0.132,0.402,0.132,0.08593515151515159,0.02008565656565657
19,5359.0,0.29908802291107317,0.408,0.125,0.408,0.125,0.08426343434343431,0.016704646464646446
20,7833.0,0.293639168237956,0.402,0.132,0.402,0.132,0.08593515151515159,0.02008565656565657
21,6096.0,0.27830465828244877,0.408,0.148,0.408,0.148,0.08971959595959601,0.01977535353535353
22,3834.0,0.09916222696428845,0.418,0.195,0.418,0.195,0.0849094949494949,0.05307717171717165
23,2885.0,0.08436590889791507,0.418,0.238,0.418,0.238,0.08571030303030298,0.06025838383838384
24,4466.0,0.2535793153464422,0.385,0.155,0.385,0.155,0.08706101010101011,0.02285898989898992
25,5466.0,0.29908802291107317,0.408,0.125,0.408,0.125,0.08426343434343431,0.016704646464646446
26,1665.0,0.015506693787822767,0.436,0.303,0.436,0.303,0.08539757575757574,0.08078767676767681
27,4365.0,0.25237361065175723,0.35,0.101,0.35,0.101,0.07506383838383841,0.014926868686868664
28,2421.0,0.10082777096755724,0.438,0.293,0.438,0.293,0.0887969696969697,0.0648492929292929
29,6237.0,0.22307798493851416,0.381,0.135,0.381,0.135,0.07789656565656572,0.01918060606060607
30,5319.0,0.29908802291107317,0.408,0.125,0.408,0.125,0.08426343434343431,0.016704646464646446
31,1481.0,0.03235165761306624,0.442,0.294,0.442,0.294,0.09065111111111111,0.07987818181818182
32,4396.0,0.2535793153464422,0.385,0.155,0.385,0.155,0.08706101010101011,0.02285898989898992
33,6112.0,0.27830465828244877,0.408,0.148,0.408,0.148,0.08971959595959601,0.01977535353535353
34,6667.0,0.23756326636636294,0.383,0.127,0.383,0.127,0.08492666666666668,0.019316363636363642
35,6185.0,0.22281145181017048,0.416,0.145,0.416,0.145,0.09517898989898983,0.021094141414141416
36,2840.0,0.08451770682645987,0.441,0.225,0.441,0.225,0.08590444444444437,0.059988888888888876
37,4709.0,0.23833885564496549,0.385,0.124,0.385,0.124,0.0795408080808081,0.017894141414141397
38,5574.0,0.27830465828244877,0.408,0.148,0.408,0.148,0.08971959595959601,0.01977535353535353
39,5251.0,0.2567248533566179,0.402,0.129,0.402,0.129,0.08226060606060606,0.020680404040404044
40,5562.0,0.29908802291107317,0.408,0.125,0.408,0.125,0.08426343434343431,0.016704646464646446
41,1506.0,0.03235165761306624,0.442,0.294,0.442,0.294,0.09065111111111111,0.07987818181818182
42,6603.0,0.23756326636636294,0.383,0.127,0.383,0.127,0.08492666666666668,0.019316363636363642
43,1603.0,0.015506693787822767,0.436,0.303,0.436,0.303,0.08539757575757574,0.08078767676767681
44,4520.0,0.2535793153464422,0.385,0.155,0.385,0.155,0.08706101010101011,0.02285898989898992
45,4397.0,0.2535793153464422,0.385,0.155,0.385,0.155,0.08706101010101011,0.02285898989898992
46,2245.0,0.10096901206668452,0.423,0.205,0.423,0.205,0.07742949494949498,0.042158383838383814
47,7202.0,0.28738943704599973,0.391,0.151,0.391,0.151,0.08577313131313138,0.02308525252525255
48,5640.0,0.27830465828244877,0.408,0.148,0.408,0.148,0.08971959595959601,0.01977535353535353
49,3080.0,0.12985076374349858,0.411,0.225,0.411,0.225,0.0879981818181818,0.048255151515151536
50,2523.0,0.0968922999503018,0.46,0.25,0.46,0.25,0.09113030303030312,0.054788686868686876
51,1075.0,0.03193790397270757,0.444,0.309,0.444,0.309,0.08246868686868682,0.07671919191919184
52,4000.0,0.215038382026849,0.441,0.186,0.441,0.186,0.09565333333333334,0.030047676767676838
53,5851.0,0.27830465828244877,0.408,0.148,0.408,0.148,0.08971959595959601,0.01977535353535353
54,1916.0,0.023781615855274163,0.418,0.273,0.418,0.273,0.0839432323232323,0.07852080808080811
55,6096.0,0.27830465828244877,0.408,0.148,0.408,0.148,0.08971959595959601,0.01977535353535353
56,6492.0,0.23756326636636294,0.383,0.127,0.383,0.127,0.08492666666666668,0.019316363636363642
57,5129.0,0.2567248533566179,0.402,0.129,0.402,0.129,0.08226060606060606,0.020680404040404044
58,7785.0,0.293639168237956,0.402,0.132,0.402,0.132,0.08593515151515159,0.02008565656565657
59,2198.0,0.10096901206668452,0.423,0.205,0.423,0.205,0.07742949494949498,0.042158383838383814
60,6939.0,0.24939866379737707,0.408,0.143,0.408,0.143,0.08643535353535349,0.01999515151515154
61,5935.0,0.27830465828244877,0.408,0.148,0.408,0.148,0.08971959595959601,0.01977535353535353
62,4345.0,0.24480370661229123,0.391,0.121,0.391,0.121,0.07020888888888893,0.01770666666666667
63,6420.0,0.23756326636636294,0.383,0.127,0.383,0.127,0.08492666666666668,0.019316363636363642
64,5532.0,0.29908802291107317,0.408,0.125,0.408,0.125,0.08426343434343431,0.016704646464646446
65,5951.0,0.27830465828244877,0.408,0.148,0.408,0.148,0.08971959595959601,0.01977535353535353
66,2384.0,0.10082777096755724,0.438,0.293,0.438,0.293,0.0887969696969697,0.0648492929292929
67,7035.0,0.2244935571251988,0.41,0.136,0.41,0.136,0.08184141414141415,0.02047353535353536
68,5213.0,0.2567248533566179,0.402,0.129,0.402,0.129,0.08226060606060606,0.020680404040404044
69,2489.0,0.09110622361837428,0.486,0.302,0.486,0.302,0.10111676767676749,0.07357676767676757
70,2184.0,0.10096901206668452,0.423,0.205,0.423,0.205,0.07742949494949498,0.042158383838383814
71,7646.0,0.2590823219419792,0.389,0.161,0.389,0.161,0.09612101010101012,0.023621818181818206
72,2636.0,0.12179125602379326,0.439,0.225,0.439,0.225,0.0894868686868686,0.04692949494949495
73,2335.0,0.10096901206668452,0.423,0.205,0.423,0.205,0.07742949494949498,0.042158383838383814
74,3383.0,0.13973430640194107,0.42,0.188,0.42,0.188,0.08028323232323235,0.04720646464646465
75,4495.0,0.2535793153464422,0.385,0.155,0.385,0.155,0.08706101010101011,0.02285898989898992
76,2134.0,0.07692266340193143,0.426,0.255,0.426,0.255,0.09018888888888887,0.05758626262626261
77,2204.0,0.10096901206668452,0.423,0.205,0.423,0.205,0.07742949494949498,0.042158383838383814
78,7516.0,0.2590823219419792,0.389,0.161,0.389,0.161,0.09612101010101012,0.023621818181818206
79,3725.0,0.10542791708543142,0.421,0.183,0.421,0.183,0.08849232323232321,0.04775272727272727
80,3444.0,0.13973430640194107,0.42,0.188,0.42,0.188,0.08028323232323235,0.04720646464646465
81,6970.0,0.24939866379737707,0.408,0.143,0.408,0.143,0.08643535353535349,0.01999515151515154
82,3330.0,0.12084103823910364,0.44,0.203,0.44,0.203,0.08198464646464639,0.04827232323232321
83,4926.0,0.27513812656913395,0.428,0.141,0.428,0.141,0.08764181818181821,0.021902222222222236
84,4154.0,0.215038382026849,0.441,0.186,0.441,0.186,0.09565333333333334,0.030047676767676838
85,7344.0,0.26544957137565894,0.395,0.126,0.395,0.126,0.08599393939393932,0.019206464646464635
86,6512.0,0.23756326636636294,0.383,0.127,0.383,0.127,0.08492666666666668,0.019316363636363642
87,1178.0,0.03193790397270757,0.444,0.309,0.444,0.309,0.08246868686868682,0.07671919191919184
88,2663.0,0.12179125602379326,0.439,0.225,0.439,0.225,0.0894868686868686,0.04692949494949495
89,1021.0,0.029495749788047143,0.476,0.291,0.476,0.291,0.09600565656565666,0.08089777777777772
90,6917.0,0.24939866379737707,0.408,0.143,0.408,0.143,0.08643535353535349,0.01999515151515154
91,1463.0,0.03235165761306624,0.442,0.294,0.442,0.294,0.09065111111111111,0.07987818181818182
92,6591.0,0.23756326636636294,0.383,0.127,0.383,0.127,0.08492666666666668,0.019316363636363642
93,6985.0,0.24939866379737707,0.408,0.143,0.408,0.143,0.08643535353535349,0.01999515151515154
94,1713.0,0.04340047970449079,0.456,0.271,0.456,0.271,0.0898759595959596,0.07514242424242422
95,3449.0,0.13973430640194107,0.42,0.188,0.42,0.188,0.08028323232323235,0.04720646464646465
96,2375.0,0.10082777096755724,0.438,0.293,0.438,0.293,0.0887969696969697,0.0648492929292929
97,1646.0,0.015506693787822767,0.436,0.303,0.436,0.303,0.08539757575757574,0.08078767676767681
98,2177.0,0.10096901206668452,0.423,0.205,0.423,0.205,0.07742949494949498,0.042158383838383814
99,3539.0,0.13973430640194107,0.42,0.188,0.42,0.188,0.08028323232323235,0.04720646464646465
100,2216.0,0.10096901206668452,0.423,0.205,0.423,0.205,0.07742949494949498,0.042158383838383814
101,5388.0,0.29908802291107317,0.408,0.125,0.408,0.125,0.08426343434343431,0.016704646464646446
102,2832.0,0.08451770682645987,0.441,0.225,0.441,0.225,0.08590444444444437,0.059988888888888876
103,6715.0,0.26570863575181913,0.416,0.133,0.416,0.133,0.08864000000000001,0.02035717171717172
104,7405.0,0.26544957137565894,0.395,0.126,0.395,0.126,0.08599393939393932,0.019206464646464635
105,7075.0,0.238173372744654,0.41,0.136,0.41,0.136,0.08495535353535341,0.01863757575757576
106,7122.0,0.28738943704599973,0.391,0.151,0.391,0.151,0.08577313131313138,0.02308525252525255
107,4430.0,0.2535793153464422,0.385,0.155,0.385,0.155,0.08706101010101011,0.02285898989898992
108,3968.0,0.1424724049672893,0.382,0.168,0.382,0.168,0.0784880808080808,0.05365737373737365
109,6807.0,0.24939866379737707,0.408,0.143,0.408,0.143,0.08643535353535349,0.01999515151515154
110,3462.0,0.13973430640194107,0.42,0.188,0.42,0.188,0.08028323232323235,0.04720646464646465
111,6792.0,0.24939866379737707,0.408,0.143,0.408,0.143,0.08643535353535349,0.01999515151515154
112,3054.0,0.07580585210041602,0.405,0.206,0.405,0.206,0.07908121212121214,0.055840606060606056
113,1008.0,0.029495749788047143,0.476,0.291,0.476,0.291,0.09600565656565666,0.08089777777777772
114,1035.0,0.029495749788047143,0.476,0.291,0.476,0.291,0.09600565656565666,0.08089777777777772
115,1300.0,0.03360946671424536,0.416,0.266,0.416,0.266,0.07134080808080814,0.062352525252525284
116,4780.0,0.23833885564496549,0.385,0.124,0.385,0.124,0.0795408080808081,0.017894141414141397
117,3826.0,0.09916222696428845,0.418,0.195,0.418,0.195,0.0849094949494949,0.05307717171717165
118,4959.0,0.27513812656913395,0.428,0.141,0.428,0.141,0.08764181818181821,0.021902222222222236
119,6047.0,0.27830465828244877,0.408,0.148,0.408,0.148,0.08971959595959601,0.01977535353535353
120,3609.0,0.10579482100802418,0.418,0.186,0.418,0.186,0.08879494949494948,0.048000808080808074
121,4960.0,0.27513812656913395,0.428,0.141,0.428,0.141,0.08764181818181821,0.021902222222222236
122,1579.0,0.015506693787822767,0.436,0.303,0.436,0.303,0.08539757575757574,0.08078767676767681
123,1967.0,0.048354678288047626,0.403,0.239,0.403,0.239,0.08070080808080804,0.06603555555555554
124,2514.0,0.0968922999503018,0.46,0.25,0.46,0.25,0.09113030303030312,0.054788686868686876
125,5281.0,0.29908802291107317,0.408,0.125,0.408,0.125,0.08426343434343431,0.016704646464646446
126,5065.0,0.27513812656913395,0.428,0.141,0.428,0.141,0.08764181818181821,0.021902222222222236
127,7131.0,0.28738943704599973,0.391,0.151,0.391,0.151,0.08577313131313138,0.02308525252525255
128,2961.0,0.07580585210041602,0.405,0.206,0.405,0.206,0.07908121212121214,0.055840606060606056
129,3768.0,0.13974863055969267,0.428,0.154,0.428,0.154,0.08352727272727273,0.03626424242424248
130,7141.0,0.28738943704599973,0.391,0.151,0.391,0.151,0.08577313131313138,0.02308525252525255
131,5716.0,0.27830465828244877,0.408,0.148,0.408,0.148,0.08971959595959601,0.01977535353535353
132,2648.0,0.12179125602379326,0.439,0.225,0.439,0.225,0.0894868686868686,0.04692949494949495
133,7538.0,0.2590823219419792,0.389,0.161,0.389,0.161,0.09612101010101012,0.023621818181818206
134,5724.0,0.27830465828244877,0.408,0.148,0.408,0.148,0.08971959595959601,0.01977535353535353
135,2822.0,0.08451770682645987,0.441,0.225,0.441,0.225,0.08590444444444437,0.059988888888888876
136,7454.0,0.26544957137565894,0.395,0.126,0.395,0.126,0.08599393939393932,0.019206464646464635
137,4792.0,0.23833885564496549,0.385,0.124,0.385,0.124,0.0795408080808081,0.017894141414141397
138,5020.0,0.27513812656913395,0.428,0.141,0.428,0.141,0.08764181818181821,0.021902222222222236
139,7727.0,0.293639168237956,0.402,0.132,0.402,0.132,0.08593515151515159,0.02008565656565657
140,2139.0,0.07692266340193143,0.426,0.255,0.426,0.255,0.09018888888888887,0.05758626262626261
141,6472.0,0.23756326636636294,0.383,0.127,0.383,0.127,0.08492666666666668,0.019316363636363642
142,7596.0,0.2590823219419792,0.389,0.161,0.389,0.161,0.09612101010101012,0.023621818181818206
143,6345.0,0.23756326636636294,0.383,0.127,0.383,0.127,0.08492666666666668,0.019316363636363642
144,3705.0,0.10542791708543142,0.421,0.183,0.421,0.183,0.08849232323232321,0.04775272727272727
145,4145.0,0.215038382026849,0.441,0.186,0.441,0.186,0.09565333333333334,0.030047676767676838
146,2195.0,0.10096901206668452,0.423,0.205,0.423,0.205,0.07742949494949498,0.042158383838383814
147,4110.0,0.215038382026849,0.441,0.186,0.441,0.186,0.09565333333333334,0.030047676767676838
148,4362.0,0.25237361065175723,0.35,0.101,0.35,0.101,0.07506383838383841,0.014926868686868664
149,3132.0,0.14756511392554017,0.411,0.209,0.411,0.209,0.07619616161616158,0.04620282828282829
150,5285.0,0.29908802291107317,0.408,0.125,0.408,0.125,0.08426343434343431,0.016704646464646446
151,4899.0,0.27513812656913395,0.428,0.141,0.428,0.141,0.08764181818181821,0.021902222222222236
152,3322.0,0.12084103823910364,0.44,0.203,0.44,0.203,0.08198464646464639,0.04827232323232321
153,1968.0,0.048354678288047626,0.403,0.239,0.403,0.239,0.08070080808080804,0.06603555555555554
154,1065.0,0.03193790397270757,0.444,0.309,0.444,0.309,0.08246868686868682,0.07671919191919184
155,1681.0,0.029063664569920933,0.467,0.325,0.467,0.325,0.09457373737373724,0.08977575757575768
156,3903.0,0.1424724049672893,0.382,0.168,0.382,0.168,0.0784880808080808,0.05365737373737365
157,7689.0,0.2590823219419792,0.389,0.161,0.389,0.161,0.09612101010101012,0.023621818181818206
158,7327.0,0.28738943704599973,0.391,0.151,0.391,0.151,0.08577313131313138,0.02308525252525255
159,3698.0,0.10542791708543142,0.421,0.183,0.421,0.183,0.08849232323232321,0.04775272727272727
160,4332.0,0.24480370661229123,0.391,0.121,0.391,0.121,0.07020888888888893,0.01770666666666667
161,3368.0,0.12084103823910364,0.44,0.203,0.44,0.203,0.08198464646464639,0.04827232323232321
162,2254.0,0.10096901206668452,0.423,0.205,0.423,0.205,0.07742949494949498,0.042158383838383814
163,5529.0,0.29908802291107317,0.408,0.125,0.408,0.125,0.08426343434343431,0.016704646464646446
164,5574.0,0.27830465828244877,0.408,0.148,0.408,0.148,0.08971959595959601,0.01977535353535353
165,4846.0,0.27513812656913395,0.428,0.141,0.428,0.141,0.08764181818181821,0.021902222222222236
166,7305.0,0.28738943704599973,0.391,0.151,0.391,0.151,0.08577313131313138,0.02308525252525255
167,4577.0,0.2535793153464422,0.385,0.155,0.385,0.155,0.08706101010101011,0.02285898989898992
168,2396.0,0.10082777096755724,0.438,0.293,0.438,0.293,0.0887969696969697,0.0648492929292929
169,4014.0,0.215038382026849,0.441,0.186,0.441,0.186,0.09565333333333334,0.030047676767676838
170,4989.0,0.27513812656913395,0.428,0.141,0.428,0.141,0.08764181818181821,0.021902222222222236
171,4279.0,0.24480370661229123,0.391,0.121,0.391,0.121,0.07020888888888893,0.01770666666666667
172,3492.0,0.13973430640194107,0.42,0.188,0.42,0.188,0.08028323232323235,0.04720646464646465
173,2484.0,0.09110622361837428,0.486,0.302,0.486,0.302,0.10111676767676749,0.07357676767676757
174,2347.0,0.10096901206668452,0.423,0.205,0.423,0.205,0.07742949494949498,0.042158383838383814
175,5271.0,0.29908802291107317,0.408,0.125,0.408,0.125,0.08426343434343431,0.016704646464646446
176,4653.0,0.2535793153464422,0.385,0.155,0.385,0.155,0.08706101010101011,0.02285898989898992
177,5579.0,0.27830465828244877,0.408,0.148,0.408,0.148,0.08971959595959601,0.01977535353535353
178,2345.0,0.10096901206668452,0.423,0.205,0.423,0.205,0.07742949494949498,0.042158383838383814
179,4878.0,0.27513812656913395,0.428,0.141,0.428,0.141,0.08764181818181821,0.021902222222222236
180,2984.0,0.07580585210041602,0.405,0.206,0.405,0.206,0.07908121212121214,0.055840606060606056
181,6959.0,0.24939866379737707,0.408,0.143,0.408,0.143,0.08643535353535349,0.01999515151515154
182,4018.0,0.215038382026849,0.441,0.186,0.441,0.186,0.09565333333333334,0.030047676767676838
183,1641.0,0.015506693787822767,0.436,0.303,0.436,0.303,0.08539757575757574,0.08078767676767681
184,5712.0,0.27830465828244877,0.408,0.148,0.408,0.148,0.08971959595959601,0.01977535353535353
185,1287.0,0.03193790397270757,0.444,0.309,0.444,0.309,0.08246868686868682,0.07671919191919184
186,5910.0,0.27830465828244877,0.408,0.148,0.408,0.148,0.08971959595959601,0.01977535353535353
187,5315.0,0.29908802291107317,0.408,0.125,0.408,0.125,0.08426343434343431,0.016704646464646446
188,7121.0,0.28738943704599973,0.391,0.151,0.391,0.151,0.08577313131313138,0.02308525252525255
189,4354.0,0.24480370661229123,0.391,0.121,0.391,0.121,0.07020888888888893,0.01770666666666667
190,6625.0,0.23756326636636294,0.383,0.127,0.383,0.127,0.08492666666666668,0.019316363636363642
191,6815.0,0.24939866379737707,0.408,0.143,0.408,0.143,0.08643535353535349,0.01999515151515154
192,2475.0,0.09110622361837428,0.486,0.302,0.486,0.302,0.10111676767676749,0.07357676767676757
193,2623.0,0.12179125602379326,0.439,0.225,0.439,0.225,0.0894868686868686,0.04692949494949495
194,3258.0,0.12084103823910364,0.44,0.203,0.44,0.203,0.08198464646464639,0.04827232323232321
195,3110.0,0.12985076374349858,0.411,0.225,0.411,0.225,0.0879981818181818,0.048255151515151536
196,5516.0,0.29908802291107317,0.408,0.125,0.408,0.125,0.08426343434343431,0.016704646464646446
197,1189.0,0.03193790397270757,0.444,0.309,0.444,0.309,0.08246868686868682,0.07671919191919184
198,2288.0,0.10096901206668452,0.423,0.205,0.423,0.205,0.07742949494949498,0.042158383838383814
199,4832.0,0.27513812656913395,0.428,0.141,0.428,0.141,0.08764181818181821,0.021902222222222236
200,5275.0,0.29908802291107317,0.408,0.125,0.408,0.125,0.08426343434343431,0.016704646464646446
201,2738.0,0.11380925428612143,0.425,0.207,0.425,0.207,0.08152020202020195,0.05089777777777782
202,2856.0,0.08451770682645987,0.441,0.225,0.441,0.225,0.08590444444444437,0.059988888888888876
203,6370.0,0.23756326636636294,0.383,0.127,0.383,0.127,0.08492666666666668,0.019316363636363642
204,3375.0,0.12084103823910364,0.44,0.203,0.44,0.203,0.08198464646464639,0.04827232323232321
205,1111.0,0.03193790397270757,0.444,0.309,0.444,0.309,0.08246868686868682,0.07671919191919184
206,5448.0,0.29908802291107317,0.408,0.125,0.408,0.125,0.08426343434343431,0.016704646464646446
207,4615.0,0.2535793153464422,0.385,0.155,0.385,0.155,0.08706101010101011,0.02285898989898992
208,7216.0,0.28738943704599973,0.391,0.151,0.391,0.151,0.08577313131313138,0.02308525252525255
209,3459.0,0.13973430640194107,0.42,0.188,0.42,0.188,0.08028323232323235,0.04720646464646465
210,2116.0,0.07692266340193143,0.426,0.255,0.426,0.255,0.09018888888888887,0.05758626262626261
211,4209.0,0.19594332705671624,0.444,0.16,0.444,0.16,0.08963717171717163,0.023314747474747505
212,2693.0,0.12179125602379326,0.439,0.225,0.439,0.225,0.0894868686868686,0.04692949494949495
213,1065.0,0.03193790397270757,0.444,0.309,0.444,0.309,0.08246868686868682,0.07671919191919184
214,4590.0,0.2535793153464422,0.385,0.155,0.385,0.155,0.08706101010101011,0.02285898989898992
215,2820.0,0.08451770682645987,0.441,0.225,0.441,0.225,0.08590444444444437,0.059988888888888876
216,2562.0,0.12179125602379326,0.439,0.225,0.439,0.225,0.0894868686868686,0.04692949494949495
217,6475.0,0.23756326636636294,0.383,0.127,0.383,0.127,0.08492666666666668,0.019316363636363642
218,3038.0,0.07580585210041602,0.405,0.206,0.405,0.206,0.07908121212121214,0.055840606060606056
219,2146.0,0.07692266340193143,0.426,0.255,0.426,0.255,0.09018888888888887,0.05758626262626261
220,2222.0,0.10096901206668452,0.423,0.205,0.423,0.205,0.07742949494949498,0.042158383838383814
221,1887.0,0.023781615855274163,0.418,0.273,0.418,0.273,0.0839432323232323,0.07852080808080811
222,5567.0,0.27830465828244877,0.408,0.148,0.408,0.148,0.08971959595959601,0.01977535353535353
223,4819.0,0.23725754654050368,0.41,0.13,0.41,0.13,0.08016121212121219,0.020492929292929295
224,1428.0,0.03235165761306624,0.442,0.294,0.442,0.294,0.09065111111111111,0.07987818181818182
225,3116.0,0.14756511392554017,0.411,0.209,0.411,0.209,0.07619616161616158,0.04620282828282829
226,3620.0,0.10579482100802418,0.418,0.186,0.418,0.186,0.08879494949494948,0.048000808080808074
227,7441.0,0.26544957137565894,0.395,0.126,0.395,0.126,0.08599393939393932,0.019206464646464635
228,3768.0,0.13974863055969267,0.428,0.154,0.428,0.154,0.08352727272727273,0.03626424242424248
229,4249.0,0.24703521452911625,0.4,0.173,0.4,0.173,0.07530080808080812,0.02494707070707075
230,5029.0,0.27513812656913395,0.428,0.141,0.428,0.141,0.08764181818181821,0.021902222222222236
231,4132.0,0.215038382026849,0.441,0.186,0.441,0.186,0.09565333333333334,0.030047676767676838
232,3784.0,0.13974863055969267,0.428,0.154,0.428,0.154,0.08352727272727273,0.03626424242424248
233,6264.0,0.22307798493851416,0.381,0.135,0.381,0.135,0.07789656565656572,0.01918060606060607
234,4958.0,0.27513812656913395,0.428,0.141,0.428,0.141,0.08764181818181821,0.021902222222222236
235,7252.0,0.28738943704599973,0.391,0.151,0.391,0.151,0.08577313131313138,0.02308525252525255
236,5859.0,0.27830465828244877,0.408,0.148,0.408,0.148,0.08971959595959601,0.01977535353535353
237,3867.0,0.1424724049672893,0.382,0.168,0.382,0.168,0.0784880808080808,0.05365737373737365
238,2885.0,0.08436590889791507,0.418,0.238,0.418,0.238,0.08571030303030298,0.06025838383838384
239,4304.0,0.24480370661229123,0.391,0.121,0.391,0.121,0.07020888888888893,0.01770666666666667
240,7674.0,0.2590823219419792,0.389,0.161,0.389,0.161,0.09612101010101012,0.023621818181818206
241,5968.0,0.27830465828244877,0.408,0.148,0.408,0.148,0.08971959595959601,0.01977535353535353
242,2503.0,0.0968922999503018,0.46,0.25,0.46,0.25,0.09113030303030312,0.054788686868686876
243,7040.0,0.238173372744654,0.41,0.136,0.41,0.136,0.08495535353535341,0.01863757575757576
244,6532.0,0.23756326636636294,0.383,0.127,0.383,0.127,0.08492666666666668,0.019316363636363642
245,3894.0,0.1424724049672893,0.382,0.168,0.382,0.168,0.0784880808080808,0.05365737373737365
246,2986.0,0.07580585210041602,0.405,0.206,0.405,0.206,0.07908121212121214,0.055840606060606056
247,2663.0,0.12179125602379326,0.439,0.225,0.439,0.225,0.0894868686868686,0.04692949494949495
248,4771.0,0.23833885564496549,0.385,0.124,0.385,0.124,0.0795408080808081,0.017894141414141397
249,6311.0,0.23756326636636294,0.383,0.127,0.383,0.127,0.08492666666666668,0.019316363636363642
250,7027.0,0.2244935571251988,0.41,0.136,0.41,0.136,0.08184141414141415,0.02047353535353536
251,4216.0,0.19594332705671624,0.444,0.16,0.444,0.16,0.08963717171717163,0.023314747474747505
252,4768.0,0.23833885564496549,0.385,0.124,0.385,0.124,0.0795408080808081,0.017894141414141397
253,6161.0,0.22281145181017048,0.416,0.145,0.416,0.145,0.09517898989898983,0.021094141414141416
254,5114.0,0.2567248533566179,0.402,0.129,0.402,0.129,0.08226060606060606,0.020680404040404044
255,3547.0,0.13973430640194107,0.42,0.188,0.42,0.188,0.08028323232323235,0.04720646464646465
256,2068.0,0.07933083498265459,0.399,0.254,0.399,0.254,0.08842929292929293,0.07571434343434348
257,6497.0,0.23756326636636294,0.383,0.127,0.383,0.127,0.08492666666666668,0.019316363636363642
258,3784.0,0.13974863055969267,0.428,0.154,0.428,0.154,0.08352727272727273,0.03626424242424248
259,4534.0,0.2535793153464422,0.385,0.155,0.385,0.155,0.08706101010101011,0.02285898989898992
260,3145.0,0.14756511392554017,0.411,0.209,0.411,0.209,0.07619616161616158,0.04620282828282829
261,4216.0,0.19594332705671624,0.444,0.16,0.444,0.16,0.08963717171717163,0.023314747474747505
262,2523.0,0.0968922999503018,0.46,0.25,0.46,0.25,0.09113030303030312,0.054788686868686876
263,2533.0,0.0968922999503018,0.46,0.25,0.46,0.25,0.09113030303030312,0.054788686868686876
264,4255.0,0.24703521452911625,0.4,0.173,0.4,0.173,0.07530080808080812,0.02494707070707075
265,2995.0,0.07580585210041602,0.405,0.206,0.405,0.206,0.07908121212121214,0.055840606060606056
266,6795.0,0.24939866379737707,0.408,0.143,0.408,0.143,0.08643535353535349,0.01999515151515154
267,2635.0,0.12179125602379326,0.439,0.225,0.439,0.225,0.0894868686868686,0.04692949494949495
268,5983.0,0.27830465828244877,0.408,0.148,0.408,0.148,0.08971959595959601,0.01977535353535353
269,3611.0,0.10579482100802418,0.418,0.186,0.418,0.186,0.08879494949494948,0.048000808080808074
270,5356.0,0.29908802291107317,0.408,0.125,0.408,0.125,0.08426343434343431,0.016704646464646446
271,5280.0,0.29908802291107317,0.408,0.125,0.408,0.125,0.08426343434343431,0.016704646464646446
272,2981.0,0.07580585210041602,0.405,0.206,0.405,0.206,0.07908121212121214,0.055840606060606056
273,2787.0,0.11380925428612143,0.425,0.207,0.425,0.207,0.08152020202020195,0.05089777777777782
274,7441.0,0.26544957137565894,0.395,0.126,0.395,0.126,0.08599393939393932,0.019206464646464635
275,5751.0,0.27830465828244877,0.408,0.148,0.408,0.148,0.08971959595959601,0.01977535353535353
276,3767.0,0.13974863055969267,0.428,0.154,0.428,0.154,0.08352727272727273,0.03626424242424248
277,5009.0,0.27513812656913395,0.428,0.141,0.428,0.141,0.08764181818181821,0.021902222222222236
278,4877.0,0.27513812656913395,0.428,0.141,0.428,0.141,0.08764181818181821,0.021902222222222236
279,5132.0,0.2567248533566179,0.402,0.129,0.402,0.129,0.08226060606060606,0.020680404040404044
280,1252.0,0.03193790397270757,0.444,0.309,0.444,0.309,0.08246868686868682,0.07671919191919184
281,2805.0,0.08451770682645987,0.441,0.225,0.441,0.225,0.08590444444444437,0.059988888888888876
282,1015.0,0.029495749788047143,0.476,0.291,0.476,0.291,0.09600565656565666,0.08089777777777772
283,7644.0,0.2590823219419792,0.389,0.161,0.389,0.161,0.09612101010101012,0.023621818181818206
284,6536.0,0.23756326636636294,0.383,0.127,0.383,0.127,0.08492666666666668,0.019316363636363642
285,5400.0,0.29908802291107317,0.408,0.125,0.408,0.125,0.08426343434343431,0.016704646464646446
286,7189.0,0.28738943704599973,0.391,0.151,0.391,0.151,0.08577313131313138,0.02308525252525255
287,6169.0,0.22281145181017048,0.416,0.145,0.416,0.145,0.09517898989898983,0.021094141414141416
288,1692.0,0.029063664569920933,0.467,0.325,0.467,0.325,0.09457373737373724,0.08977575757575768
289,5663.0,0.27830465828244877,0.408,0.148,0.408,0.148,0.08971959595959601,0.01977535353535353
290,5775.0,0.27830465828244877,0.408,0.148,0.408,0.148,0.08971959595959601,0.01977535353535353
291,1387.0,0.02627578200125058,0.445,0.292,0.445,0.292,0.08642363636363638,0.08027414141414141
292,7824.0,0.293639168237956,0.402,0.132,0.402,0.132,0.08593515151515159,0.02008565656565657
293,4711.0,0.23833885564496549,0.385,0.124,0.385,0.124,0.0795408080808081,0.017894141414141397
294,5031.0,0.27513812656913395,0.428,0.141,0.428,0.141,0.08764181818181821,0.021902222222222236
295,1019.0,0.029495749788047143,0.476,0.291,0.476,0.291,0.09600565656565666,0.08089777777777772
296,5151.0,0.2567248533566179,0.402,0.129,0.402,0.129,0.08226060606060606,0.020680404040404044
297,1015.0,0.029495749788047143,0.476,0.291,0.476,0.291,0.09600565656565666,0.08089777777777772
298,6851.0,0.24939866379737707,0.408,0.143,0.408,0.143,0.08643535353535349,0.01999515151515154
299,6909.0,0.24939866379737707,0.408,0.143,0.408,0.143,0.08643535353535349,0.01999515151515154
300,5983.0,0.27830465828244877,0.408,0.148,0.408,0.148,0.08971959595959601,0.01977535353535353
301,5780.0,0.27830465828244877,0.408,0.148,0.408,0.148,0.08971959595959601,0.01977535353535353
302,4590.0,0.2535793153464422,0.385,0.155,0.385,0.155,0.08706101010101011,0.02285898989898992
303,3851.0,0.1424724049672893,0.382,0.168,0.382,0.168,0.0784880808080808,0.05365737373737365
304,5025.0,0.27513812656913395,0.428,0.141,0.428,0.141,0.08764181818181821,0.021902222222222236
305,6838.0,0.24939866379737707,0.408,0.143,0.408,0.143,0.08643535353535349,0.01999515151515154
306,6943.0,0.24939866379737707,0.408,0.143,0.408,0.143,0.08643535353535349,0.01999515151515154
307,4444.0,0.2535793153464422,0.385,0.155,0.385,0.155,0.08706101010101011,0.02285898989898992
308,5409.0,0.29908802291107317,0.408,0.125,0.408,0.125,0.08426343434343431,0.016704646464646446
309,2634.0,0.12179125602379326,0.439,0.225,0.439,0.225,0.0894868686868686,0.04692949494949495
310,7447.0,0.26544957137565894,0.395,0.126,0.395,0.126,0.08599393939393932,0.019206464646464635
311,1210.0,0.03193790397270757,0.444,0.309,0.444,0.309,0.08246868686868682,0.07671919191919184
312,7629.0,0.2590823219419792,0.389,0.161,0.389,0.161,0.09612101010101012,0.023621818181818206
313,2071.0,0.07933083498265459,0.399,0.254,0.399,0.254,0.08842929292929293,0.07571434343434348
314,6306.0,0.23756326636636294,0.383,0.127,0.383,0.127,0.08492666666666668,0.019316363636363642
315,4558.0,0.2535793153464422,0.385,0.155,0.385,0.155,0.08706101010101011,0.02285898989898992
316,3221.0,0.12084103823910364,0.44,0.203,0.44,0.203,0.08198464646464639,0.04827232323232321
317,7983.0,0.293639168237956,0.402,0.132,0.402,0.132,0.08593515151515159,0.02008565656565657
318,5391.0,0.29908802291107317,0.408,0.125,0.408,0.125,0.08426343434343431,0.016704646464646446
319,4715.0,0.23833885564496549,0.385,0.124,0.385,0.124,0.0795408080808081,0.017894141414141397
320,3138.0,0.14756511392554017,0.411,0.209,0.411,0.209,0.07619616161616158,0.04620282828282829
321,2869.0,0.08451770682645987,0.441,0.225,0.441,0.225,0.08590444444444437,0.059988888888888876
322,5330.0,0.29908802291107317,0.408,0.125,0.408,0.125,0.08426343434343431,0.016704646464646446
323,5460.0,0.29908802291107317,0.408,0.125,0.408,0.125,0.08426343434343431,0.016704646464646446
324,6516.0,0.23756326636636294,0.383,0.127,0.383,0.127,0.08492666666666668,0.019316363636363642
325,4112.0,0.215038382026849,0.441,0.186,0.441,0.186,0.09565333333333334,0.030047676767676838
326,5940.0,0.27830465828244877,0.408,0.148,0.408,0.148,0.08971959595959601,0.01977535353535353
327,1103.0,0.03193790397270757,0.444,0.309,0.444,0.309,0.08246868686868682,0.07671919191919184
328,1025.0,0.029495749788047143,0.476,0.291,0.476,0.291,0.09600565656565666,0.08089777777777772
329,4628.0,0.2535793153464422,0.385,0.155,0.385,0.155,0.08706101010101011,0.02285898989898992
330,6002.0,0.27830465828244877,0.408,0.148,0.408,0.148,0.08971959595959601,0.01977535353535353
331,4277.0,0.24703521452911625,0.4,0.173,0.4,0.173,0.07530080808080812,0.02494707070707075
332,5073.0,0.27513812656913395,0.428,0.141,0.428,0.141,0.08764181818181821,0.021902222222222236
333,3752.0,0.13974863055969267,0.428,0.154,0.428,0.154,0.08352727272727273,0.03626424242424248
334,4073.0,0.215038382026849,0.441,0.186,0.441,0.186,0.09565333333333334,0.030047676767676838
335,4880.0,0.27513812656913395,0.428,0.141,0.428,0.141,0.08764181818181821,0.021902222222222236
336,2368.0,0.10082777096755724,0.438,0.293,0.438,0.293,0.0887969696969697,0.0648492929292929
337,4437.0,0.2535793153464422,0.385,0.155,0.385,0.155,0.08706101010101011,0.02285898989898992
338,4127.0,0.215038382026849,0.441,0.186,0.441,0.186,0.09565333333333334,0.030047676767676838
339,6526.0,0.23756326636636294,0.383,0.127,0.383,0.127,0.08492666666666668,0.019316363636363642
340,2205.0,0.10096901206668452,0.423,0.205,0.423,0.205,0.07742949494949498,0.042158383838383814
341,1989.0,0.048354678288047626,0.403,0.239,0.403,0.239,0.08070080808080804,0.06603555555555554
342,6612.0,0.23756326636636294,0.383,0.127,0.383,0.127,0.08492666666666668,0.019316363636363642
343,3881.0,0.1424724049672893,0.382,0.168,0.382,0.168,0.0784880808080808,0.05365737373737365
344,5506.0,0.29908802291107317,0.408,0.125,0.408,0.125,0.08426343434343431,0.016704646464646446
345,4958.0,0.27513812656913395,0.428,0.141,0.428,0.141,0.08764181818181821,0.021902222222222236
346,7289.0,0.28738943704599973,0.391,0.151,0.391,0.151,0.08577313131313138,0.02308525252525255
347,2343.0,0.10096901206668452,0.423,0.205,0.423,0.205,0.07742949494949498,0.042158383838383814
348,2467.0,0.10082777096755724,0.438,0.293,0.438,0.293,0.0887969696969697,0.0648492929292929
349,2289.0,0.10096901206668452,0.423,0.205,0.423,0.205,0.07742949494949498,0.042158383838383814
350,7579.0,0.2590823219419792,0.389,0.161,0.389,0.161,0.09612101010101012,0.023621818181818206
351,1058.0,0.03193790397270757,0.444,0.309,0.444,0.309,0.08246868686868682,0.07671919191919184
352,3532.0,0.13973430640194107,0.42,0.188,0.42,0.188,0.08028323232323235,0.04720646464646465
353,7805.0,0.293639168237956,0.402,0.132,0.402,0.132,0.08593515151515159,0.02008565656565657
354,1637.0,0.015506693787822767,0.436,0.303,0.436,0.303,0.08539757575757574,0.08078767676767681
355,6568.0,0.23756326636636294,0.383,0.127,0.383,0.127,0.08492666666666668,0.019316363636363642
356,7020.0,0.24939866379737707,0.408,0.143,0.408,0.143,0.08643535353535349,0.01999515151515154
357,5112.0,0.2567248533566179,0.402,0.129,0.402,0.129,0.08226060606060606,0.020680404040404044
358,1574.0,0.015506693787822767,0.436,0.303,0.436,0.303,0.08539757575757574,0.08078767676767681
359,7291.0,0.28738943704599973,0.391,0.151,0.391,0.151,0.08577313131313138,0.02308525252525255
360,2269.0,0.10096901206668452,0.423,0.205,0.423,0.205,0.07742949494949498,0.042158383838383814
361,6736.0,0.26570863575181913,0.416,0.133,0.416,0.133,0.08864000000000001,0.02035717171717172
362,6540.0,0.23756326636636294,0.383,0.127,0.383,0.127,0.08492666666666668,0.019316363636363642
363,1634.0,0.015506693787822767,0.436,0.303,0.436,0.303,0.08539757575757574,0.08078767676767681
364,3820.0,0.09916222696428845,0.418,0.195,0.418,0.195,0.0849094949494949,0.05307717171717165
365,4574.0,0.2535793153464422,0.385,0.155,0.385,0.155,0.08706101010101011,0.02285898989898992
366,4544.0,0.2535793153464422,0.385,0.155,0.385,0.155,0.08706101010101011,0.02285898989898992
367,7462.0,0.26544957137565894,0.395,0.126,0.395,0.126,0.08599393939393932,0.019206464646464635
368,2002.0,0.061800203343251314,0.445,0.264,0.445,0.264,0.09367232323232329,0.07601191919191916
369,7143.0,0.28738943704599973,0.391,0.151,0.391,0.151,0.08577313131313138,0.02308525252525255
370,7896.0,0.293639168237956,0.402,0.132,0.402,0.132,0.08593515151515159,0.02008565656565657
371,2604.0,0.12179125602379326,0.439,0.225,0.439,0.225,0.0894868686868686,0.04692949494949495
372,6532.0,0.23756326636636294,0.383,0.127,0.383,0.127,0.08492666666666668,0.019316363636363642
373,2738.0,0.11380925428612143,0.425,0.207,0.425,0.207,0.08152020202020195,0.05089777777777782
374,2870.0,0.08451770682645987,0.441,0.225,0.441,0.225,0.08590444444444437,0.059988888888888876
375,2806.0,0.08451770682645987,0.441,0.225,0.441,0.225,0.08590444444444437,0.059988888888888876
376,2298.0,0.10096901206668452,0.423,0.205,0.423,0.205,0.07742949494949498,0.042158383838383814
377,6888.0,0.24939866379737707,0.408,0.143,0.408,0.143,0.08643535353535349,0.01999515151515154
378,2939.0,0.07580585210041602,0.405,0.206,0.405,0.206,0.07908121212121214,0.055840606060606056
379,2225.0,0.10096901206668452,0.423,0.205,0.423,0.205,0.07742949494949498,0.042158383838383814
380,3863.0,0.1424724049672893,0.382,0.168,0.382,0.168,0.0784880808080808,0.05365737373737365
381,3642.0,0.10542791708543142,0.421,0.183,0.421,0.183,0.08849232323232321,0.04775272727272727
382,7629.0,0.2590823219419792,0.389,0.161,0.389,0.161,0.09612101010101012,0.023621818181818206
383,4850.0,0.27513812656913395,0.428,0.141,0.428,0.141,0.08764181818181821,0.021902222222222236
384,4342.0,0.24480370661229123,0.391,0.121,0.391,0.121,0.07020888888888893,0.01770666666666667
385,1008.0,0.029495749788047143,0.476,0.291,0.476,0.291,0.09600565656565666,0.08089777777777772
386,6032.0,0.27830465828244877,0.408,0.148,0.408,0.148,0.08971959595959601,0.01977535353535353
387,5532.0,0.29908802291107317,0.408,0.125,0.408,0.125,0.08426343434343431,0.016704646464646446
388,2029.0,0.05590532133640291,0.457,0.267,0.457,0.267,0.08938989898989887,0.0715113131313132
389,6346.0,0.23756326636636294,0.383,0.127,0.383,0.127,0.08492666666666668,0.019316363636363642
390,2182.0,0.10096901206668452,0.423,0.205,0.423,0.205,0.07742949494949498,0.042158383838383814
391,4529.0,0.2535793153464422,0.385,0.155,0.385,0.155,0.08706101010101011,0.02285898989898992
392,4233.0,0.24703521452911625,0.4,0.173,0.4,0.173,0.07530080808080812,0.02494707070707075
393,1473.0,0.03235165761306624,0.442,0.294,0.442,0.294,0.09065111111111111,0.07987818181818182
394,3937.0,0.1424724049672893,0.382,0.168,0.382,0.168,0.0784880808080808,0.05365737373737365
395,1250.0,0.03193790397270757,0.444,0.309,0.444,0.309,0.08246868686868682,0.07671919191919184
396,6085.0,0.27830465828244877,0.408,0.148,0.408,0.148,0.08971959595959601,0.01977535353535353
397,4089.0,0.215038382026849,0.441,0.186,0.441,0.186,0.09565333333333334,0.030047676767676838
398,2780.0,0.11380925428612143,0.425,0.207,0.425,0.207,0.08152020202020195,0.05089777777777782
399,6522.0,0.23756326636636294,0.383,0.127,0.383,0.127,0.08492666666666668,0.019316363636363642
400,2178.0,0.10096901206668452,0.423,0.205,0.423,0.205,0.07742949494949498,0.042158383838383814
401,5810.0,0.27830465828244877,0.408,0.148,0.408,0.148,0.08971959595959601,0.01977535353535353
402,6161.0,0.22281145181017048,0.416,0.145,0.416,0.145,0.09517898989898983,0.021094141414141416
403,4696.0,0.23833885564496549,0.385,0.124,0.385,0.124,0.0795408080808081,0.017894141414141397
404,2016.0,0.05590532133640291,0.457,0.267,0.457,0.267,0.08938989898989887,0.0715113131313132
405,7309.0,0.28738943704599973,0.391,0.151,0.391,0.151,0.08577313131313138,0.02308525252525255
406,7038.0,0.238173372744654,0.41,0.136,0.41,0.136,0.08495535353535341,0.01863757575757576
407,5631.0,0.27830465828244877,0.408,0.148,0.408,0.148,0.08971959595959601,0.01977535353535353
408,3977.0,0.1424724049672893,0.382,0.168,0.382,0.168,0.0784880808080808,0.05365737373737365
409,7206.0,0.28738943704599973,0.391,0.151,0.391,0.151,0.08577313131313138,0.02308525252525255
410,3484.0,0.13973430640194107,0.42,0.188,0.42,0.188,0.08028323232323235,0.04720646464646465
411,4999.0,0.27513812656913395,0.428,0.141,0.428,0.141,0.08764181818181821,0.021902222222222236
412,1940.0,0.048354678288047626,0.403,0.239,0.403,0.239,0.08070080808080804,0.06603555555555554
413,2148.0,0.07692266340193143,0.426,0.255,0.426,0.255,0.09018888888888887,0.05758626262626261
414,1583.0,0.015506693787822767,0.436,0.303,0.436,0.303,0.08539757575757574,0.08078767676767681
415,7155.0,0.28738943704599973,0.391,0.151,0.391,0.151,0.08577313131313138,0.02308525252525255
416,2437.0,0.10082777096755724,0.438,0.293,0.438,0.293,0.0887969696969697,0.0648492929292929
417,2891.0,0.08436590889791507,0.418,0.238,0.418,0.238,0.08571030303030298,0.06025838383838384
418,2506.0,0.0968922999503018,0.46,0.25,0.46,0.25,0.09113030303030312,0.054788686868686876
419,7294.0,0.28738943704599973,0.391,0.151,0.391,0.151,0.08577313131313138,0.02308525252525255
420,4358.0,0.25237361065175723,0.35,0.101,0.35,0.101,0.07506383838383841,0.014926868686868664
421,1993.0,0.048354678288047626,0.403,0.239,0.403,0.239,0.08070080808080804,0.06603555555555554
422,3816.0,0.09916222696428845,0.418,0.195,0.418,0.195,0.0849094949494949,0.05307717171717165
423,6313.0,0.23756326636636294,0.383,0.127,0.383,0.127,0.08492666666666668,0.019316363636363642
424,1593.0,0.015506693787822767,0.436,0.303,0.436,0.303,0.08539757575757574,0.08078767676767681
425,7240.0,0.28738943704599973,0.391,0.151,0.391,0.151,0.08577313131313138,0.02308525252525255
426,1568.0,0.015506693787822767,0.436,0.303,0.436,0.303,0.08539757575757574,0.08078767676767681
427,2439.0,0.10082777096755724,0.438,0.293,0.438,0.293,0.0887969696969697,0.0648492929292929
428,2491.0,0.09110622361837428,0.486,0.302,0.486,0.302,0.10111676767676749,0.07357676767676757
429,1313.0,0.03360946671424536,0.416,0.266,0.416,0.266,0.07134080808080814,0.062352525252525284
430,2058.0,0.07933083498265459,0.399,0.254,0.399,0.254,0.08842929292929293,0.07571434343434348
431,4145.0,0.215038382026849,0.441,0.186,0.441,0.186,0.09565333333333334,0.030047676767676838
432,4361.0,0.25237361065175723,0.35,0.101,0.35,0.101,0.07506383838383841,0.014926868686868664
433,5844.0,0.27830465828244877,0.408,0.148,0.408,0.148,0.08971959595959601,0.01977535353535353
434,4175.0,0.19594332705671624,0.444,0.16,0.444,0.16,0.08963717171717163,0.023314747474747505
435,2539.0,0.12179125602379326,0.439,0.225,0.439,0.225,0.0894868686868686,0.04692949494949495
436,5406.0,0.29908802291107317,0.408,0.125,0.408,0.125,0.08426343434343431,0.016704646464646446
437,4037.0,0.215038382026849,0.441,0.186,0.441,0.186,0.09565333333333334,0.030047676767676838
438,3856.0,0.1424724049672893,0.382,0.168,0.382,0.168,0.0784880808080808,0.05365737373737365
439,2514.0,0.0968922999503018,0.46,0.25,0.46,0.25,0.09113030303030312,0.054788686868686876
440,5587.0,0.27830465828244877,0.408,0.148,0.408,0.148,0.08971959595959601,0.01977535353535353
441,6459.0,0.23756326636636294,0.383,0.127,0.383,0.127,0.08492666666666668,0.019316363636363642
442,5474.0,0.29908802291107317,0.408,0.125,0.408,0.125,0.08426343434343431,0.016704646464646446
443,3551.0,0.13973430640194107,0.42,0.188,0.42,0.188,0.08028323232323235,0.04720646464646465
444,7049.0,0.238173372744654,0.41,0.136,0.41,0.136,0.08495535353535341,0.01863757575757576
445,3683.0,0.10542791708543142,0.421,0.183,0.421,0.183,0.08849232323232321,0.04775272727272727
446,7908.0,0.293639168237956,0.402,0.132,0.402,0.132,0.08593515151515159,0.02008565656565657
447,3408.0,0.13973430640194107,0.42,0.188,0.42,0.188,0.08028323232323235,0.04720646464646465
448,1382.0,0.02627578200125058,0.445,0.292,0.445,0.292,0.08642363636363638,0.08027414141414141
449,1030.0,0.029495749788047143,0.476,0.291,0.476,0.291,0.09600565656565666,0.08089777777777772
450,1509.0,0.03235165761306624,0.442,0.294,0.442,0.294,0.09065111111111111,0.07987818181818182
451,5047.0,0.27513812656913395,0.428,0.141,0.428,0.141,0.08764181818181821,0.021902222222222236
452,7827.0,0.293639168237956,0.402,0.132,0.402,0.132,0.08593515151515159,0.02008565656565657
453,3880.0,0.1424724049672893,0.382,0.168,0.382,0.168,0.0784880808080808,0.05365737373737365
454,2685.0,0.12179125602379326,0.439,0.225,0.439,0.225,0.0894868686868686,0.04692949494949495
455,3554.0,0.13973430640194107,0.42,0.188,0.42,0.188,0.08028323232323235,0.04720646464646465
456,6053.0,0.27830465828244877,0.408,0.148,0.408,0.148,0.08971959595959601,0.01977535353535353
457,4831.0,0.27513812656913395,0.428,0.141,0.428,0.141,0.08764181818181821,0.021902222222222236
458,2253.0,0.10096901206668452,0.423,0.205,0.423,0.205,0.07742949494949498,0.042158383838383814
459,5655.0,0.27830465828244877,0.408,0.148,0.408,0.148,0.08971959595959601,0.01977535353535353
460,1194.0,0.03193790397270757,0.444,0.309,0.444,0.309,0.08246868686868682,0.07671919191919184
461,2234.0,0.10096901206668452,0.423,0.205,0.423,0.205,0.07742949494949498,0.042158383838383814
462,4844.0,0.27513812656913395,0.428,0.141,0.428,0.141,0.08764181818181821,0.021902222222222236
463,5501.0,0.29908802291107317,0.408,0.125,0.408,0.125,0.08426343434343431,0.016704646464646446
464,1964.0,0.048354678288047626,0.403,0.239,0.403,0.239,0.08070080808080804,0.06603555555555554
465,5953.0,0.27830465828244877,0.408,0.148,0.408,0.148,0.08971959595959601,0.01977535353535353
466,4395.0,0.2535793153464422,0.385,0.155,0.385,0.155,0.08706101010101011,0.02285898989898992
467,4393.0,0.2535793153464422,0.385,0.155,0.385,0.155,0.08706101010101011,0.02285898989898992
468,6808.0,0.24939866379737707,0.408,0.143,0.408,0.143,0.08643535353535349,0.01999515151515154
469,1907.0,0.023781615855274163,0.418,0.273,0.418,0.273,0.0839432323232323,0.07852080808080811
470,5229.0,0.2567248533566179,0.402,0.129,0.402,0.129,0.08226060606060606,0.020680404040404044
471,3787.0,0.13974863055969267,0.428,0.154,0.428,0.154,0.08352727272727273,0.03626424242424248
472,5721.0,0.27830465828244877,0.408,0.148,0.408,0.148,0.08971959595959601,0.01977535353535353
473,4378.0,0.25237361065175723,0.35,0.101,0.35,0.101,0.07506383838383841,0.014926868686868664
474,6217.0,0.23651424076436123,0.39,0.123,0.39,0.123,0.06861656565656576,0.016336161616161606
475,3520.0,0.13973430640194107,0.42,0.188,0.42,0.188,0.08028323232323235,0.04720646464646465
476,3192.0,0.12084103823910364,0.44,0.203,0.44,0.203,0.08198464646464639,0.04827232323232321
477,7095.0,0.238173372744654,0.41,0.136,0.41,0.136,0.08495535353535341,0.01863757575757576
478,6411.0,0.23756326636636294,0.383,0.127,0.383,0.127,0.08492666666666668,0.019316363636363642
479,1722.0,0.04340047970449079,0.456,0.271,0.456,0.271,0.0898759595959596,0.07514242424242422
480,5499.0,0.29908802291107317,0.408,0.125,0.408,0.125,0.08426343434343431,0.016704646464646446
481,1743.0,0.04340047970449079,0.456,0.271,0.456,0.271,0.0898759595959596,0.07514242424242422
482,5326.0,0.29908802291107317,0.408,0.125,0.408,0.125,0.08426343434343431,0.016704646464646446
483,5861.0,0.27830465828244877,0.408,0.148,0.408,0.148,0.08971959595959601,0.01977535353535353
484,6876.0,0.24939866379737707,0.408,0.143,0.408,0.143,0.08643535353535349,0.01999515151515154
485,3772.0,0.13974863055969267,0.428,0.154,0.428,0.154,0.08352727272727273,0.03626424242424248
486,1970.0,0.048354678288047626,0.403,0.239,0.403,0.239,0.08070080808080804,0.06603555555555554
487,7158.0,0.28738943704599973,0.391,0.151,0.391,0.151,0.08577313131313138,0.02308525252525255
488,7227.0,0.28738943704599973,0.391,0.151,0.391,0.151,0.08577313131313138,0.02308525252525255
489,7255.0,0.28738943704599973,0.391,0.151,0.391,0.151,0.08577313131313138,0.02308525252525255
490,3454.0,0.13973430640194107,0.42,0.188,0.42,0.188,0.08028323232323235,0.04720646464646465
491,4256.0,0.24703521452911625,0.4,0.173,0.4,0.173,0.07530080808080812,0.02494707070707075
492,4681.0,0.23833885564496549,0.385,0.124,0.385,0.124,0.0795408080808081,0.017894141414141397
493,1890.0,0.023781615855274163,0.418,0.273,0.418,0.273,0.0839432323232323,0.07852080808080811
494,5067.0,0.27513812656913395,0.428,0.141,0.428,0.141,0.08764181818181821,0.021902222222222236
495,4500.0,0.2535793153464422,0.385,0.155,0.385,0.155,0.08706101010101011,0.02285898989898992
496,2273.0,0.10096901206668452,0.423,0.205,0.423,0.205,0.07742949494949498,0.042158383838383814
497,7122.0,0.28738943704599973,0.391,0.151,0.391,0.151,0.08577313131313138,0.02308525252525255
498,3519.0,0.13973430640194107,0.42,0.188,0.42,0.188,0.08028323232323235,0.04720646464646465
499,5414.0,0.29908802291107317,0.408,0.125,0.408,0.125,0.08426343434343431,0.016704646464646446
500,7064.0,0.238173372744654,0.41,0.136,0.41,0.136,0.08495535353535341,0.01863757575757576
501,4467.0,0.2535793153464422,0.385,0.155,0.385,0.155,0.08706101010101011,0.02285898989898992
502,3390.0,0.13973430640194107,0.42,0.188,0.42,0.188,0.08028323232323235,0.04720646464646465
503,2282.0,0.10096901206668452,0.423,0.205,0.423,0.205,0.07742949494949498,0.042158383838383814
504,7684.0,0.2590823219419792,0.389,0.161,0.389,0.161,0.09612101010101012,0.023621818181818206
505,2084.0,0.07933083498265459,0.399,0.254,0.399,0.254,0.08842929292929293,0.07571434343434348
506,6624.0,0.23756326636636294,0.383,0.127,0.383,0.127,0.08492666666666668,0.019316363636363642
507,3119.0,0.14756511392554017,0.411,0.209,0.411,0.209,0.07619616161616158,0.04620282828282829
508,5043.0,0.27513812656913395,0.428,0.141,0.428,0.141,0.08764181818181821,0.021902222222222236
509,2517.0,0.0968922999503018,0.46,0.25,0.46,0.25,0.09113030303030312,0.054788686868686876
510,7769.0,0.293639168237956,0.402,0.132,0.402,0.132,0.08593515151515159,0.02008565656565657
511,7337.0,0.26544957137565894,0.395,0.126,0.395,0.126,0.08599393939393932,0.019206464646464635
512,4154.0,0.215038382026849,0.441,0.186,0.441,0.186,0.09565333333333334,0.030047676767676838
513,1149.0,0.03193790397270757,0.444,0.309,0.444,0.309,0.08246868686868682,0.07671919191919184
514,5860.0,0.27830465828244877,0.408,0.148,0.408,0.148,0.08971959595959601,0.01977535353535353
515,4311.0,0.24480370661229123,0.391,0.121,0.391,0.121,0.07020888888888893,0.01770666666666667
516,7037.0,0.238173372744654,0.41,0.136,0.41,0.136,0.08495535353535341,0.01863757575757576
517,3104.0,0.12985076374349858,0.411,0.225,0.411,0.225,0.0879981818181818,0.048255151515151536
518,4084.0,0.215038382026849,0.441,0.186,0.441,0.186,0.09565333333333334,0.030047676767676838
519,2658.0,0.12179125602379326,0.439,0.225,0.439,0.225,0.0894868686868686,0.04692949494949495
520,5492.0,0.29908802291107317,0.408,0.125,0.408,0.125,0.08426343434343431,0.016704646464646446
521,6391.0,0.23756326636636294,0.383,0.127,0.383,0.127,0.08492666666666668,0.019316363636363642
522,2385.0,0.10082777096755724,0.438,0.293,0.438,0.293,0.0887969696969697,0.0648492929292929
523,7512.0,0.2590823219419792,0.389,0.161,0.389,0.161,0.09612101010101012,0.023621818181818206
524,2655.0,0.12179125602379326,0.439,0.225,0.439,0.225,0.0894868686868686,0.04692949494949495
525,5695.0,0.27830465828244877,0.408,0.148,0.408,0.148,0.08971959595959601,0.01977535353535353
526,5753.0,0.27830465828244877,0.408,0.148,0.408,0.148,0.08971959595959601,0.01977535353535353
527,3265.0,0.12084103823910364,0.44,0.203,0.44,0.203,0.08198464646464639,0.04827232323232321
528,3541.0,0.13973430640194107,0.42,0.188,0.42,0.188,0.08028323232323235,0.04720646464646465
529,7560.0,0.2590823219419792,0.389,0.161,0.389,0.161,0.09612101010101012,0.023621818181818206
530,3382.0,0.13973430640194107,0.42,0.188,0.42,0.188,0.08028323232323235,0.04720646464646465
531,3874.0,0.1424724049672893,0.382,0.168,0.382,0.168,0.0784880808080808,0.05365737373737365
532,2833.0,0.08451770682645987,0.441,0.225,0.441,0.225,0.08590444444444437,0.059988888888888876
533,6988.0,0.24939866379737707,0.408,0.143,0.408,0.143,0.08643535353535349,0.01999515151515154
534,5548.0,0.29908802291107317,0.408,0.125,0.408,0.125,0.08426343434343431,0.016704646464646446
535,7102.0,0.238173372744654,0.41,0.136,0.41,0.136,0.08495535353535341,0.01863757575757576
536,1211.0,0.03193790397270757,0.444,0.309,0.444,0.309,0.08246868686868682,0.07671919191919184
537,6491.0,0.23756326636636294,0.383,0.127,0.383,0.127,0.08492666666666668,0.019316363636363642
538,1102.0,0.03193790397270757,0.444,0.309,0.444,0.309,0.08246868686868682,0.07671919191919184
539,7618.0,0.2590823219419792,0.389,0.161,0.389,0.161,0.09612101010101012,0.023621818181818206
540,3560.0,0.13973430640194107,0.42,0.188,0.42,0.188,0.08028323232323235,0.04720646464646465
541,2510.0,0.0968922999503018,0.46,0.25,0.46,0.25,0.09113030303030312,0.054788686868686876
542,6122.0,0.27830465828244877,0.408,0.148,0.408,0.148,0.08971959595959601,0.01977535353535353
543,3252.0,0.12084103823910364,0.44,0.203,0.44,0.203,0.08198464646464639,0.04827232323232321
544,3654.0,0.10542791708543142,0.421,0.183,0.421,0.183,0.08849232323232321,0.04775272727272727
545,3247.0,0.12084103823910364,0.44,0.203,0.44,0.203,0.08198464646464639,0.04827232323232321
546,2017.0,0.05590532133640291,0.457,0.267,0.457,0.267,0.08938989898989887,0.0715113131313132
547,5827.0,0.27830465828244877,0.408,0.148,0.408,0.148,0.08971959595959601,0.01977535353535353
548,2954.0,0.07580585210041602,0.405,0.206,0.405,0.206,0.07908121212121214,0.055840606060606056
549,7478.0,0.2590823219419792,0.389,0.161,0.389,0.161,0.09612101010101012,0.023621818181818206
550,2447.0,0.10082777096755724,0.438,0.293,0.438,0.293,0.0887969696969697,0.0648492929292929
551,5564.0,0.27830465828244877,0.408,0.148,0.408,0.148,0.08971959595959601,0.01977535353535353
552,6165.0,0.22281145181017048,0.416,0.145,0.416,0.145,0.09517898989898983,0.021094141414141416
553,2448.0,0.10082777096755724,0.438,0.293,0.438,0.293,0.0887969696969697,0.0648492929292929
554,5310.0,0.29908802291107317,0.408,0.125,0.408,0.125,0.08426343434343431,0.016704646464646446
555,7026.0,0.24939866379737707,0.408,0.143,0.408,0.143,0.08643535353535349,0.01999515151515154
556,4554.0,0.2535793153464422,0.385,0.155,0.385,0.155,0.08706101010101011,0.02285898989898992
557,2247.0,0.10096901206668452,0.423,0.205,0.423,0.205,0.07742949494949498,0.042158383838383814
558,6205.0,0.22281145181017048,0.416,0.145,0.416,0.145,0.09517898989898983,0.021094141414141416
559,3594.0,0.10579482100802418,0.418,0.186,0.418,0.186,0.08879494949494948,0.048000808080808074
560,7472.0,0.26544957137565894,0.395,0.126,0.395,0.126,0.08599393939393932,0.019206464646464635
561,5318.0,0.29908802291107317,0.408,0.125,0.408,0.125,0.08426343434343431,0.016704646464646446
562,2248.0,0.10096901206668452,0.423,0.205,0.423,0.205,0.07742949494949498,0.042158383838383814
563,5330.0,0.29908802291107317,0.408,0.125,0.408,0.125,0.08426343434343431,0.016704646464646446
564,3072.0,0.12985076374349858,0.411,0.225,0.411,0.225,0.0879981818181818,0.048255151515151536
565,5283.0,0.29908802291107317,0.408,0.125,0.408,0.125,0.08426343434343431,0.016704646464646446
566,4879.0,0.27513812656913395,0.428,0.141,0.428,0.141,0.08764181818181821,0.021902222222222236
567,1150.0,0.03193790397270757,0.444,0.309,0.444,0.309,0.08246868686868682,0.07671919191919184
568,1320.0,0.03360946671424536,0.416,0.266,0.416,0.266,0.07134080808080814,0.062352525252525284
569,1280.0,0.03193790397270757,0.444,0.309,0.444,0.309,0.08246868686868682,0.07671919191919184
570,4652.0,0.2535793153464422,0.385,0.155,0.385,0.155,0.08706101010101011,0.02285898989898992
571,7602.0,0.2590823219419792,0.389,0.161,0.389,0.161,0.09612101010101012,0.023621818181818206
572,2097.0,0.06656015226427003,0.415,0.27,0.415,0.27,0.0781874747474747,0.06514929292929299
573,4216.0,0.19594332705671624,0.444,0.16,0.444,0.16,0.08963717171717163,0.023314747474747505
574,5757.0,0.27830465828244877,0.408,0.148,0.408,0.148,0.08971959595959601,0.01977535353535353
575,2879.0,0.08436590889791507,0.418,0.238,0.418,0.238,0.08571030303030298,0.06025838383838384
576,2096.0,0.06656015226427003,0.415,0.27,0.415,0.27,0.0781874747474747,0.06514929292929299
577,4658.0,0.2535793153464422,0.385,0.155,0.385,0.155,0.08706101010101011,0.02285898989898992
578,3013.0,0.07580585210041602,0.405,0.206,0.405,0.206,0.07908121212121214,0.055840606060606056
579,1325.0,0.03360946671424536,0.416,0.266,0.416,0.266,0.07134080808080814,0.062352525252525284
580,4729.0,0.23833885564496549,0.385,0.124,0.385,0.124,0.0795408080808081,0.017894141414141397
581,3380.0,0.12084103823910364,0.44,0.203,0.44,0.203,0.08198464646464639,0.04827232323232321
582,6828.0,0.24939866379737707,0.408,0.143,0.408,0.143,0.08643535353535349,0.01999515151515154
583,6495.0,0.23756326636636294,0.383,0.127,0.383,0.127,0.08492666666666668,0.019316363636363642
584,5887.0,0.27830465828244877,0.408,0.148,0.408,0.148,0.08971959595959601,0.01977535353535353
585,3959.0,0.1424724049672893,0.382,0.168,0.382,0.168,0.0784880808080808,0.05365737373737365
586,4742.0,0.23833885564496549,0.385,0.124,0.385,0.124,0.0795408080808081,0.017894141414141397
587,7417.0,0.26544957137565894,0.395,0.126,0.395,0.126,0.08599393939393932,0.019206464646464635
588,5374.0,0.29908802291107317,0.408,0.125,0.408,0.125,0.08426343434343431,0.016704646464646446
589,7506.0,0.2590823219419792,0.389,0.161,0.389,0.161,0.09612101010101012,0.023621818181818206
590,7802.0,0.293639168237956,0.402,0.132,0.402,0.132,0.08593515151515159,0.02008565656565657
591,7795.0,0.293639168237956,0.402,0.132,0.402,0.132,0.08593515151515159,0.02008565656565657
592,7058.0,0.238173372744654,0.41,0.136,0.41,0.136,0.08495535353535341,0.01863757575757576
593,4260.0,0.24703521452911625,0.4,0.173,0.4,0.173,0.07530080808080812,0.02494707070707075
594,3429.0,0.13973430640194107,0.42,0.188,0.42,0.188,0.08028323232323235,0.04720646464646465
595,3317.0,0.12084103823910364,0.44,0.203,0.44,0.203,0.08198464646464639,0.04827232323232321
596,6135.0,0.27830465828244877,0.408,0.148,0.408,0.148,0.08971959595959601,0.01977535353535353
597,4388.0,0.2535793153464422,0.385,0.155,0.385,0.155,0.08706101010101011,0.02285898989898992
598,6783.0,0.24939866379737707,0.408,0.143,0.408,0.143,0.08643535353535349,0.01999515151515154
599,2562.0,0.12179125602379326,0.439,0.225,0.439,0.225,0.0894868686868686,0.04692949494949495
600,4967.0,0.27513812656913395,0.428,0.141,0.428,0.141,0.08764181818181821,0.021902222222222236
601,6179.0,0.22281145181017048,0.416,0.145,0.416,0.145,0.09517898989898983,0.021094141414141416
602,4178.0,0.19594332705671624,0.444,0.16,0.444,0.16,0.08963717171717163,0.023314747474747505
603,2282.0,0.10096901206668452,0.423,0.205,0.423,0.205,0.07742949494949498,0.042158383838383814
604,1099.0,0.03193790397270757,0.444,0.309,0.444,0.309,0.08246868686868682,0.07671919191919184
605,2384.0,0.10082777096755724,0.438,0.293,0.438,0.293,0.0887969696969697,0.0648492929292929
606,4506.0,0.2535793153464422,0.385,0.155,0.385,0.155,0.08706101010101011,0.02285898989898992
607,1878.0,0.023781615855274163,0.418,0.273,0.418,0.273,0.0839432323232323,0.07852080808080811
608,3975.0,0.1424724049672893,0.382,0.168,0.382,0.168,0.0784880808080808,0.05365737373737365
609,7850.0,0.293639168237956,0.402,0.132,0.402,0.132,0.08593515151515159,0.02008565656565657
610,7935.0,0.293639168237956,0.402,0.132,0.402,0.132,0.08593515151515159,0.02008565656565657
611,3259.0,0.12084103823910364,0.44,0.203,0.44,0.203,0.08198464646464639,0.04827232323232321
612,7021.0,0.24939866379737707,0.408,0.143,0.408,0.143,0.08643535353535349,0.01999515151515154
613,5662.0,0.27830465828244877,0.408,0.148,0.408,0.148,0.08971959595959601,0.01977535353535353
614,6394.0,0.23756326636636294,0.383,0.127,0.383,0.127,0.08492666666666668,0.019316363636363642
615,3281.0,0.12084103823910364,0.44,0.203,0.44,0.203,0.08198464646464639,0.04827232323232321
616,3298.0,0.12084103823910364,0.44,0.203,0.44,0.203,0.08198464646464639,0.04827232323232321
617,7306.0,0.28738943704599973,0.391,0.151,0.391,0.151,0.08577313131313138,0.02308525252525255
618,2543.0,0.12179125602379326,0.439,0.225,0.439,0.225,0.0894868686868686,0.04692949494949495
619,1335.0,0.017476252148103,0.371,0.267,0.371,0.267,0.07590868686868693,0.06605757575757579
620,4763.0,0.23833885564496549,0.385,0.124,0.385,0.124,0.0795408080808081,0.017894141414141397
621,5724.0,0.27830465828244877,0.408,0.148,0.408,0.148,0.08971959595959601,0.01977535353535353
622,6316.0,0.23756326636636294,0.383,0.127,0.383,0.127,0.08492666666666668,0.019316363636363642
623,3518.0,0.13973430640194107,0.42,0.188,0.42,0.188,0.08028323232323235,0.04720646464646465
624,5988.0,0.27830465828244877,0.408,0.148,0.408,0.148,0.08971959595959601,0.01977535353535353
625,5135.0,0.2567248533566179,0.402,0.129,0.402,0.129,0.08226060606060606,0.020680404040404044
626,6371.0,0.23756326636636294,0.383,0.127,0.383,0.127,0.08492666666666668,0.019316363636363642
627,2497.0,0.09110622361837428,0.486,0.302,0.486,0.302,0.10111676767676749,0.07357676767676757
628,2042.0,0.05590532133640291,0.457,0.267,0.457,0.267,0.08938989898989887,0.0715113131313132
629,7927.0,0.293639168237956,0.402,0.132,0.402,0.132,0.08593515151515159,0.02008565656565657
630,2643.0,0.12179125602379326,0.439,0.225,0.439,0.225,0.0894868686868686,0.04692949494949495
631,7297.0,0.28738943704599973,0.391,0.151,0.391,0.151,0.08577313131313138,0.02308525252525255
632,7174.0,0.28738943704599973,0.391,0.151,0.391,0.151,0.08577313131313138,0.02308525252525255
633,2425.0,0.10082777096755724,0.438,0.293,0.438,0.293,0.0887969696969697,0.0648492929292929
634,6399.0,0.23756326636636294,0.383,0.127,0.383,0.127,0.08492666666666668,0.019316363636363642
635,7885.0,0.293639168237956,0.402,0.132,0.402,0.132,0.08593515151515159,0.02008565656565657
636,4177.0,0.19594332705671624,0.444,0.16,0.444,0.16,0.08963717171717163,0.023314747474747505
637,2503.0,0.0968922999503018,0.46,0.25,0.46,0.25,0.09113030303030312,0.054788686868686876
638,5954.0,0.27830465828244877,0.408,0.148,0.408,0.148,0.08971959595959601,0.01977535353535353
639,3115.0,0.12985076374349858,0.411,0.225,0.411,0.225,0.0879981818181818,0.048255151515151536
640,4330.0,0.24480370661229123,0.391,0.121,0.391,0.121,0.07020888888888893,0.01770666666666667
641,4995.0,0.27513812656913395,0.428,0.141,0.428,0.141,0.08764181818181821,0.021902222222222236
642,1387.0,0.02627578200125058,0.445,0.292,0.445,0.292,0.08642363636363638,0.08027414141414141
643,4394.0,0.2535793153464422,0.385,0.155,0.385,0.155,0.08706101010101011,0.02285898989898992
644,4076.0,0.215038382026849,0.441,0.186,0.441,0.186,0.09565333333333334,0.030047676767676838
645,5255.0,0.2567248533566179,0.402,0.129,0.402,0.129,0.08226060606060606,0.020680404040404044
646,6139.0,0.27830465828244877,0.408,0.148,0.408,0.148,0.08971959595959601,0.01977535353535353
647,1532.0,0.02812377125372012,0.393,0.293,0.393,0.293,0.07298828282828285,0.06977959595959604
648,2269.0,0.10096901206668452,0.423,0.205,0.423,0.205,0.07742949494949498,0.042158383838383814
649,3515.0,0.13973430640194107,0.42,0.188,0.42,0.188,0.08028323232323235,0.04720646464646465
650,6853.0,0.24939866379737707,0.408,0.143,0.408,0.143,0.08643535353535349,0.01999515151515154
651,3366.0,0.12084103823910364,0.44,0.203,0.44,0.203,0.08198464646464639,0.04827232323232321
652,5564.0,0.27830465828244877,0.408,0.148,0.408,0.148,0.08971959595959601,0.01977535353535353
653,1390.0,0.02627578200125058,0.445,0.292,0.445,0.292,0.08642363636363638,0.08027414141414141
654,3801.0,0.13974863055969267,0.428,0.154,0.428,0.154,0.08352727272727273,0.03626424242424248
655,2354.0,0.10096901206668452,0.423,0.205,0.423,0.205,0.07742949494949498,0.042158383838383814
656,6766.0,0.24939866379737707,0.408,0.143,0.408,0.143,0.08643535353535349,0.01999515151515154
657,5227.0,0.2567248533566179,0.402,0.129,0.402,0.129,0.08226060606060606,0.020680404040404044
658,4140.0,0.215038382026849,0.441,0.186,0.441,0.186,0.09565333333333334,0.030047676767676838
659,4699.0,0.23833885564496549,0.385,0.124,0.385,0.124,0.0795408080808081,0.017894141414141397
660,4552.0,0.2535793153464422,0.385,0.155,0.385,0.155,0.08706101010101011,0.02285898989898992
661,7724.0,0.293639168237956,0.402,0.132,0.402,0.132,0.08593515151515159,0.02008565656565657
662,6698.0,0.26570863575181913,0.416,0.133,0.416,0.133,0.08864000000000001,0.02035717171717172
663,3970.0,0.1424724049672893,0.382,0.168,0.382,0.168,0.0784880808080808,0.05365737373737365
664,5693.0,0.27830465828244877,0.408,0.148,0.408,0.148,0.08971959595959601,0.01977535353535353
665,7499.0,0.2590823219419792,0.389,0.161,0.389,0.161,0.09612101010101012,0.023621818181818206
666,7816.0,0.293639168237956,0.402,0.132,0.402,0.132,0.08593515151515159,0.02008565656565657
667,1633.0,0.015506693787822767,0.436,0.303,0.436,0.303,0.08539757575757574,0.08078767676767681
668,6158.0,0.22281145181017048,0.416,0.145,0.416,0.145,0.09517898989898983,0.021094141414141416
669,6660.0,0.23756326636636294,0.383,0.127,0.383,0.127,0.08492666666666668,0.019316363636363642
670,6617.0,0.23756326636636294,0.383,0.127,0.383,0.127,0.08492666666666668,0.019316363636363642
671,7391.0,0.26544957137565894,0.395,0.126,0.395,0.126,0.08599393939393932,0.019206464646464635
672,4155.0,0.215038382026849,0.441,0.186,0.441,0.186,0.09565333333333334,0.030047676767676838
673,4385.0,0.2535793153464422,0.385,0.155,0.385,0.155,0.08706101010101011,0.02285898989898992
674,5784.0,0.27830465828244877,0.408,0.148,0.408,0.148,0.08971959595959601,0.01977535353535353
675,6216.0,0.23651424076436123,0.39,0.123,0.39,0.123,0.06861656565656576,0.016336161616161606
676,6773.0,0.24939866379737707,0.408,0.143,0.408,0.143,0.08643535353535349,0.01999515151515154
677,1453.0,0.03235165761306624,0.442,0.294,0.442,0.294,0.09065111111111111,0.07987818181818182
678,1874.0,0.023781615855274163,0.418,0.273,0.418,0.273,0.0839432323232323,0.07852080808080811
679,6350.0,0.23756326636636294,0.383,0.127,0.383,0.127,0.08492666666666668,0.019316363636363642
680,6953.0,0.24939866379737707,0.408,0.143,0.408,0.143,0.08643535353535349,0.01999515151515154
681,7448.0,0.26544957137565894,0.395,0.126,0.395,0.126,0.08599393939393932,0.019206464646464635
682,4495.0,0.2535793153464422,0.385,0.155,0.385,0.155,0.08706101010101011,0.02285898989898992
683,1942.0,0.048354678288047626,0.403,0.239,0.403,0.239,0.08070080808080804,0.06603555555555554
684,1488.0,0.03235165761306624,0.442,0.294,0.442,0.294,0.09065111111111111,0.07987818181818182
685,4986.0,0.27513812656913395,0.428,0.141,0.428,0.141,0.08764181818181821,0.021902222222222236
686,2087.0,0.07933083498265459,0.399,0.254,0.399,0.254,0.08842929292929293,0.07571434343434348
687,4809.0,0.23833885564496549,0.385,0.124,0.385,0.124,0.0795408080808081,0.017894141414141397
688,3554.0,0.13973430640194107,0.42,0.188,0.42,0.188,0.08028323232323235,0.04720646464646465
689,6714.0,0.26570863575181913,0.416,0.133,0.416,0.133,0.08864000000000001,0.02035717171717172
690,5146.0,0.2567248533566179,0.402,0.129,0.402,0.129,0.08226060606060606,0.020680404040404044
691,4735.0,0.23833885564496549,0.385,0.124,0.385,0.124,0.0795408080808081,0.017894141414141397
692,3485.0,0.13973430640194107,0.42,0.188,0.42,0.188,0.08028323232323235,0.04720646464646465
693,1354.0,0.017476252148103,0.371,0.267,0.371,0.267,0.07590868686868693,0.06605757575757579
694,2615.0,0.12179125602379326,0.439,0.225,0.439,0.225,0.0894868686868686,0.04692949494949495
695,4846.0,0.27513812656913395,0.428,0.141,0.428,0.141,0.08764181818181821,0.021902222222222236
696,5730.0,0.27830465828244877,0.408,0.148,0.408,0.148,0.08971959595959601,0.01977535353535353
697,6140.0,0.27830465828244877,0.408,0.148,0.408,0.148,0.08971959595959601,0.01977535353535353
698,5138.0,0.2567248533566179,0.402,0.129,0.402,0.129,0.08226060606060606,0.020680404040404044
699,6984.0,0.24939866379737707,0.408,0.143,0.408,0.143,0.08643535353535349,0.01999515151515154
700,7907.0,0.293639168237956,0.402,0.132,0.402,0.132,0.08593515151515159,0.02008565656565657
701,7008.0,0.24939866379737707,0.408,0.143,0.408,0.143,0.08643535353535349,0.01999515151515154
702,2883.0,0.08436590889791507,0.418,0.238,0.418,0.238,0.08571030303030298,0.06025838383838384
703,1913.0,0.023781615855274163,0.418,0.273,0.418,0.273,0.0839432323232323,0.07852080808080811
704,6511.0,0.23756326636636294,0.383,0.127,0.383,0.127,0.08492666666666668,0.019316363636363642
705,4921.0,0.27513812656913395,0.428,0.141,0.428,0.141,0.08764181818181821,0.021902222222222236
706,1766.0,0.01843566460577961,0.441,0.298,0.441,0.298,0.08970121212121208,0.08754686868686869
707,2542.0,0.12179125602379326,0.439,0.225,0.439,0.225,0.0894868686868686,0.04692949494949495
708,5375.0,0.29908802291107317,0.408,0.125,0.408,0.125,0.08426343434343431,0.016704646464646446
709,4326.0,0.24480370661229123,0.391,0.121,0.391,0.121,0.07020888888888893,0.01770666666666667
710,4337.0,0.24480370661229123,0.391,0.121,0.391,0.121,0.07020888888888893,0.01770666666666667
711,1756.0,0.04340047970449079,0.456,0.271,0.456,0.271,0.0898759595959596,0.07514242424242422
712,1334.0,0.017476252148103,0.371,0.267,0.371,0.267,0.07590868686868693,0.06605757575757579
713,7985.0,0.293639168237956,0.402,0.132,0.402,0.132,0.08593515151515159,0.02008565656565657
714,4648.0,0.2535793153464422,0.385,0.155,0.385,0.155,0.08706101010101011,0.02285898989898992
715,4634.0,0.2535793153464422,0.385,0.155,0.385,0.155,0.08706101010101011,0.02285898989898992
716,2764.0,0.11380925428612143,0.425,0.207,0.425,0.207,0.08152020202020195,0.05089777777777782
717,7150.0,0.28738943704599973,0.391,0.151,0.391,0.151,0.08577313131313138,0.02308525252525255
718,2493.0,0.09110622361837428,0.486,0.302,0.486,0.302,0.10111676767676749,0.07357676767676757
719,5539.0,0.29908802291107317,0.408,0.125,0.408,0.125,0.08426343434343431,0.016704646464646446
720,4669.0,0.2535793153464422,0.385,0.155,0.385,0.155,0.08706101010101011,0.02285898989898992
721,3633.0,0.10542791708543142,0.421,0.183,0.421,0.183,0.08849232323232321,0.04775272727272727
722,1033.0,0.029495749788047143,0.476,0.291,0.476,0.291,0.09600565656565666,0.08089777777777772
723,4756.0,0.23833885564496549,0.385,0.124,0.385,0.124,0.0795408080808081,0.017894141414141397
724,6260.0,0.22307798493851416,0.381,0.135,0.381,0.135,0.07789656565656572,0.01918060606060607
725,3001.0,0.07580585210041602,0.405,0.206,0.405,0.206,0.07908121212121214,0.055840606060606056
726,3861.0,0.1424724049672893,0.382,0.168,0.382,0.168,0.0784880808080808,0.05365737373737365
727,1649.0,0.015506693787822767,0.436,0.303,0.436,0.303,0.08539757575757574,0.08078767676767681
728,5804.0,0.27830465828244877,0.408,0.148,0.408,0.148,0.08971959595959601,0.01977535353535353
729,2269.0,0.10096901206668452,0.423,0.205,0.423,0.205,0.07742949494949498,0.042158383838383814
730,2471.0,0.10082777096755724,0.438,0.293,0.438,0.293,0.0887969696969697,0.0648492929292929
731,4807.0,0.23833885564496549,0.385,0.124,0.385,0.124,0.0795408080808081,0.017894141414141397
732,2710.0,0.12179125602379326,0.439,0.225,0.439,0.225,0.0894868686868686,0.04692949494949495
733,1741.0,0.04340047970449079,0.456,0.271,0.456,0.271,0.0898759595959596,0.07514242424242422
734,1057.0,0.03193790397270757,0.444,0.309,0.444,0.309,0.08246868686868682,0.07671919191919184
735,1789.0,0.02636090611408437,0.474,0.233,0.474,0.233,0.07983393939393936,0.06379676767676767
736,5024.0,0.27513812656913395,0.428,0.141,0.428,0.141,0.08764181818181821,0.021902222222222236
737,6362.0,0.23756326636636294,0.383,0.127,0.383,0.127,0.08492666666666668,0.019316363636363642
738,6870.0,0.24939866379737707,0.408,0.143,0.408,0.143,0.08643535353535349,0.01999515151515154
739,1040.0,0.029495749788047143,0.476,0.291,0.476,0.291,0.09600565656565666,0.08089777777777772
740,3636.0,0.10542791708543142,0.421,0.183,0.421,0.183,0.08849232323232321,0.04775272727272727
741,6975.0,0.24939866379737707,0.408,0.143,0.408,0.143,0.08643535353535349,0.01999515151515154
742,3157.0,0.14756511392554017,0.411,0.209,0.411,0.209,0.07619616161616158,0.04620282828282829
743,7815.0,0.293639168237956,0.402,0.132,0.402,0.132,0.08593515151515159,0.02008565656565657
744,5191.0,0.2567248533566179,0.402,0.129,0.402,0.129,0.08226060606060606,0.020680404040404044
745,1061.0,0.03193790397270757,0.444,0.309,0.444,0.309,0.08246868686868682,0.07671919191919184
746,6698.0,0.26570863575181913,0.416,0.133,0.416,0.133,0.08864000000000001,0.02035717171717172
747,6093.0,0.27830465828244877,0.408,0.148,0.408,0.148,0.08971959595959601,0.01977535353535353
748,7116.0,0.238173372744654,0.41,0.136,0.41,0.136,0.08495535353535341,0.01863757575757576
749,7644.0,0.2590823219419792,0.389,0.161,0.389,0.161,0.09612101010101012,0.023621818181818206
750,6409.0,0.23756326636636294,0.383,0.127,0.383,0.127,0.08492666666666668,0.019316363636363642
751,5240.0,0.2567248533566179,0.402,0.129,0.402,0.129,0.08226060606060606,0.020680404040404044
752,5972.0,0.27830465828244877,0.408,0.148,0.408,0.148,0.08971959595959601,0.01977535353535353
753,4597.0,0.2535793153464422,0.385,0.155,0.385,0.155,0.08706101010101011,0.02285898989898992
754,7719.0,0.293639168237956,0.402,0.132,0.402,0.132,0.08593515151515159,0.02008565656565657
755,3871.0,0.1424724049672893,0.382,0.168,0.382,0.168,0.0784880808080808,0.05365737373737365
756,6251.0,0.22307798493851416,0.381,0.135,0.381,0.135,0.07789656565656572,0.01918060606060607
757,3593.0,0.10579482100802418,0.418,0.186,0.418,0.186,0.08879494949494948,0.048000808080808074
758,6833.0,0.24939866379737707,0.408,0.143,0.408,0.143,0.08643535353535349,0.01999515151515154
759,5938.0,0.27830465828244877,0.408,0.148,0.408,0.148,0.08971959595959601,0.01977535353535353
760,5309.0,0.29908802291107317,0.408,0.125,0.408,0.125,0.08426343434343431,0.016704646464646446
761,5297.0,0.29908802291107317,0.408,0.125,0.408,0.125,0.08426343434343431,0.016704646464646446
762,6512.0,0.23756326636636294,0.383,0.127,0.383,0.127,0.08492666666666668,0.019316363636363642
763,6850.0,0.24939866379737707,0.408,0.143,0.408,0.143,0.08643535353535349,0.01999515151515154
764,4506.0,0.2535793153464422,0.385,0.155,0.385,0.155,0.08706101010101011,0.02285898989898992
765,4253.0,0.24703521452911625,0.4,0.173,0.4,0.173,0.07530080808080812,0.02494707070707075
766,2976.0,0.07580585210041602,0.405,0.206,0.405,0.206,0.07908121212121214,0.055840606060606056
767,4708.0,0.23833885564496549,0.385,0.124,0.385,0.124,0.0795408080808081,0.017894141414141397
768,1876.0,0.023781615855274163,0.418,0.273,0.418,0.273,0.0839432323232323,0.07852080808080811
769,6393.0,0.23756326636636294,0.383,0.127,0.383,0.127,0.08492666666666668,0.019316363636363642
770,2459.0,0.10082777096755724,0.438,0.293,0.438,0.293,0.0887969696969697,0.0648492929292929
771,6913.0,0.24939866379737707,0.408,0.143,0.408,0.143,0.08643535353535349,0.01999515151515154
772,6056.0,0.27830465828244877,0.408,0.148,0.408,0.148,0.08971959595959601,0.01977535353535353
773,1379.0,0.02627578200125058,0.445,0.292,0.445,0.292,0.08642363636363638,0.08027414141414141
774,1817.0,0.02636090611408437,0.474,0.233,0.474,0.233,0.07983393939393936,0.06379676767676767
775,7800.0,0.293639168237956,0.402,0.132,0.402,0.132,0.08593515151515159,0.02008565656565657
776,6092.0,0.27830465828244877,0.408,0.148,0.408,0.148,0.08971959595959601,0.01977535353535353
777,1219.0,0.03193790397270757,0.444,0.309,0.444,0.309,0.08246868686868682,0.07671919191919184
778,1312.0,0.03360946671424536,0.416,0.266,0.416,0.266,0.07134080808080814,0.062352525252525284
779,2554.0,0.12179125602379326,0.439,0.225,0.439,0.225,0.0894868686868686,0.04692949494949495
780,1320.0,0.03360946671424536,0.416,0.266,0.416,0.266,0.07134080808080814,0.062352525252525284
781,7351.0,0.26544957137565894,0.395,0.126,0.395,0.126,0.08599393939393932,0.019206464646464635
782,7803.0,0.293639168237956,0.402,0.132,0.402,0.132,0.08593515151515159,0.02008565656565657
783,4619.0,0.2535793153464422,0.385,0.155,0.385,0.155,0.08706101010101011,0.02285898989898992
784,5520.0,0.29908802291107317,0.408,0.125,0.408,0.125,0.08426343434343431,0.016704646464646446
785,2041.0,0.05590532133640291,0.457,0.267,0.457,0.267,0.08938989898989887,0.0715113131313132
786,4001.0,0.215038382026849,0.441,0.186,0.441,0.186,0.09565333333333334,0.030047676767676838
787,6156.0,0.22281145181017048,0.416,0.145,0.416,0.145,0.09517898989898983,0.021094141414141416
788,1825.0,0.02636090611408437,0.474,0.233,0.474,0.233,0.07983393939393936,0.06379676767676767
789,4746.0,0.23833885564496549,0.385,0.124,0.385,0.124,0.0795408080808081,0.017894141414141397
790,2427.0,0.10082777096755724,0.438,0.293,0.438,0.293,0.0887969696969697,0.0648492929292929
791,6993.0,0.24939866379737707,0.408,0.143,0.408,0.143,0.08643535353535349,0.01999515151515154
792,2837.0,0.08451770682645987,0.441,0.225,0.441,0.225,0.08590444444444437,0.059988888888888876
793,5265.0,0.29908802291107317,0.408,0.125,0.408,0.125,0.08426343434343431,0.016704646464646446
794,1531.0,0.02812377125372012,0.393,0.293,0.393,0.293,0.07298828282828285,0.06977959595959604
795,3776.0,0.13974863055969267,0.428,0.154,0.428,0.154,0.08352727272727273,0.03626424242424248
796,2721.0,0.12179125602379326,0.439,0.225,0.439,0.225,0.0894868686868686,0.04692949494949495
797,1057.0,0.03193790397270757,0.444,0.309,0.444,0.309,0.08246868686868682,0.07671919191919184
798,7569.0,0.2590823219419792,0.389,0.161,0.389,0.161,0.09612101010101012,0.023621818181818206
799,3278.0,0.12084103823910364,0.44,0.203,0.44,0.203,0.08198464646464639,0.04827232323232321
800,1165.0,0.03193790397270757,0.444,0.309,0.444,0.309,0.08246868686868682,0.07671919191919184
801,4537.0,0.2535793153464422,0.385,0.155,0.385,0.155,0.08706101010101011,0.02285898989898992
802,7426.0,0.26544957137565894,0.395,0.126,0.395,0.126,0.08599393939393932,0.019206464646464635
803,3839.0,0.1782081090560811,0.411,0.199,0.411,0.199,0.08200282828282818,0.05572525252525247
804,5973.0,0.27830465828244877,0.408,0.148,0.408,0.148,0.08971959595959601,0.01977535353535353
805,6239.0,0.22307798493851416,0.381,0.135,0.381,0.135,0.07789656565656572,0.01918060606060607
806,2473.0,0.10082777096755724,0.438,0.293,0.438,0.293,0.0887969696969697,0.0648492929292929
807,1166.0,0.03193790397270757,0.444,0.309,0.444,0.309,0.08246868686868682,0.07671919191919184
808,2768.0,0.11380925428612143,0.425,0.207,0.425,0.207,0.08152020202020195,0.05089777777777782
809,5386.0,0.29908802291107317,0.408,0.125,0.408,0.125,0.08426343434343431,0.016704646464646446
810,5166.0,0.2567248533566179,0.402,0.129,0.402,0.129,0.08226060606060606,0.020680404040404044
811,2715.0,0.12179125602379326,0.439,0.225,0.439,0.225,0.0894868686868686,0.04692949494949495
812,4446.0,0.2535793153464422,0.385,0.155,0.385,0.155,0.08706101010101011,0.02285898989898992
813,4244.0,0.24703521452911625,0.4,0.173,0.4,0.173,0.07530080808080812,0.02494707070707075
814,2362.0,0.10082777096755724,0.438,0.293,0.438,0.293,0.0887969696969697,0.0648492929292929
815,6769.0,0.24939866379737707,0.408,0.143,0.408,0.143,0.08643535353535349,0.01999515151515154
816,4073.0,0.215038382026849,0.441,0.186,0.441,0.186,0.09565333333333334,0.030047676767676838
817,7266.0,0.28738943704599973,0.391,0.151,0.391,0.151,0.08577313131313138,0.02308525252525255
818,3696.0,0.10542791708543142,0.421,0.183,0.421,0.183,0.08849232323232321,0.04775272727272727
819,6999.0,0.24939866379737707,0.408,0.143,0.408,0.143,0.08643535353535349,0.01999515151515154
820,7009.0,0.24939866379737707,0.408,0.143,0.408,0.143,0.08643535353535349,0.01999515151515154
821,3550.0,0.13973430640194107,0.42,0.188,0.42,0.188,0.08028323232323235,0.04720646464646465
822,2140.0,0.07692266340193143,0.426,0.255,0.426,0.255,0.09018888888888887,0.05758626262626261
823,5162.0,0.2567248533566179,0.402,0.129,0.402,0.129,0.08226060606060606,0.020680404040404044
824,6644.0,0.23756326636636294,0.383,0.127,0.383,0.127,0.08492666666666668,0.019316363636363642
825,3852.0,0.1424724049672893,0.382,0.168,0.382,0.168,0.0784880808080808,0.05365737373737365
826,2260.0,0.10096901206668452,0.423,0.205,0.423,0.205,0.07742949494949498,0.042158383838383814
827,6892.0,0.24939866379737707,0.408,0.143,0.408,0.143,0.08643535353535349,0.01999515151515154
828,1080.0,0.03193790397270757,0.444,0.309,0.444,0.309,0.08246868686868682,0.07671919191919184
829,6119.0,0.27830465828244877,0.408,0.148,0.408,0.148,0.08971959595959601,0.01977535353535353
830,3438.0,0.13973430640194107,0.42,0.188,0.42,0.188,0.08028323232323235,0.04720646464646465
831,5510.0,0.29908802291107317,0.408,0.125,0.408,0.125,0.08426343434343431,0.016704646464646446
832,1416.0,0.028428507476147225,0.455,0.297,0.455,0.297,0.08495232323232321,0.07545474747474745
833,3850.0,0.1782081090560811,0.411,0.199,0.411,0.199,0.08200282828282818,0.05572525252525247
834,2045.0,0.05590532133640291,0.457,0.267,0.457,0.267,0.08938989898989887,0.0715113131313132
835,2263.0,0.10096901206668452,0.423,0.205,0.423,0.205,0.07742949494949498,0.042158383838383814
836,2707.0,0.12179125602379326,0.439,0.225,0.439,0.225,0.0894868686868686,0.04692949494949495
837,1298.0,0.03193790397270757,0.444,0.309,0.444,0.309,0.08246868686868682,0.07671919191919184
838,3520.0,0.13973430640194107,0.42,0.188,0.42,0.188,0.08028323232323235,0.04720646464646465
839,5224.0,0.2567248533566179,0.402,0.129,0.402,0.129,0.08226060606060606,0.020680404040404044
840,2614.0,0.12179125602379326,0.439,0.225,0.439,0.225,0.0894868686868686,0.04692949494949495
841,7151.0,0.28738943704599973,0.391,0.151,0.391,0.151,0.08577313131313138,0.02308525252525255
842,3853.0,0.1424724049672893,0.382,0.168,0.382,0.168,0.0784880808080808,0.05365737373737365
843,2490.0,0.09110622361837428,0.486,0.302,0.486,0.302,0.10111676767676749,0.07357676767676757
844,3335.0,0.12084103823910364,0.44,0.203,0.44,0.203,0.08198464646464639,0.04827232323232321
845,5150.0,0.2567248533566179,0.402,0.129,0.402,0.129,0.08226060606060606,0.020680404040404044
846,7811.0,0.293639168237956,0.402,0.132,0.402,0.132,0.08593515151515159,0.02008565656565657
847,6159.0,0.22281145181017048,0.416,0.145,0.416,0.145,0.09517898989898983,0.021094141414141416
848,3994.0,0.215038382026849,0.441,0.186,0.441,0.186,0.09565333333333334,0.030047676767676838
849,7566.0,0.2590823219419792,0.389,0.161,0.389,0.161,0.09612101010101012,0.023621818181818206
850,3098.0,0.12985076374349858,0.411,0.225,0.411,0.225,0.0879981818181818,0.048255151515151536
851,3197.0,0.12084103823910364,0.44,0.203,0.44,0.203,0.08198464646464639,0.04827232323232321
852,5331.0,0.29908802291107317,0.408,0.125,0.408,0.125,0.08426343434343431,0.016704646464646446
853,2494.0,0.09110622361837428,0.486,0.302,0.486,0.302,0.10111676767676749,0.07357676767676757
854,5128.0,0.2567248533566179,0.402,0.129,0.402,0.129,0.08226060606060606,0.020680404040404044
855,3597.0,0.10579482100802418,0.418,0.186,0.418,0.186,0.08879494949494948,0.048000808080808074
856,5164.0,0.2567248533566179,0.402,0.129,0.402,0.129,0.08226060606060606,0.020680404040404044
857,5229.0,0.2567248533566179,0.402,0.129,0.402,0.129,0.08226060606060606,0.020680404040404044
858,7255.0,0.28738943704599973,0.391,0.151,0.391,0.151,0.08577313131313138,0.02308525252525255
859,6887.0,0.24939866379737707,0.408,0.143,0.408,0.143,0.08643535353535349,0.01999515151515154
860,4877.0,0.27513812656913395,0.428,0.141,0.428,0.141,0.08764181818181821,0.021902222222222236
861,3381.0,0.12084103823910364,0.44,0.203,0.44,0.203,0.08198464646464639,0.04827232323232321
862,3973.0,0.1424724049672893,0.382,0.168,0.382,0.168,0.0784880808080808,0.05365737373737365
863,4076.0,0.215038382026849,0.441,0.186,0.441,0.186,0.09565333333333334,0.030047676767676838
864,7292.0,0.28738943704599973,0.391,0.151,0.391,0.151,0.08577313131313138,0.02308525252525255
865,1302.0,0.03360946671424536,0.416,0.266,0.416,0.266,0.07134080808080814,0.062352525252525284
866,1202.0,0.03193790397270757,0.444,0.309,0.444,0.309,0.08246868686868682,0.07671919191919184
867,6931.0,0.24939866379737707,0.408,0.143,0.408,0.143,0.08643535353535349,0.01999515151515154
868,3823.0,0.09916222696428845,0.418,0.195,0.418,0.195,0.0849094949494949,0.05307717171717165
869,4591.0,0.2535793153464422,0.385,0.155,0.385,0.155,0.08706101010101011,0.02285898989898992
870,6893.0,0.24939866379737707,0.408,0.143,0.408,0.143,0.08643535353535349,0.01999515151515154
871,5732.0,0.27830465828244877,0.408,0.148,0.408,0.148,0.08971959595959601,0.01977535353535353
872,3649.0,0.10542791708543142,0.421,0.183,0.421,0.183,0.08849232323232321,0.04775272727272727
873,5125.0,0.2567248533566179,0.402,0.129,0.402,0.129,0.08226060606060606,0.020680404040404044
874,7906.0,0.293639168237956,0.402,0.132,0.402,0.132,0.08593515151515159,0.02008565656565657
875,7438.0,0.26544957137565894,0.395,0.126,0.395,0.126,0.08599393939393932,0.019206464646464635
876,4095.0,0.215038382026849,0.441,0.186,0.441,0.186,0.09565333333333334,0.030047676767676838
877,1601.0,0.015506693787822767,0.436,0.303,0.436,0.303,0.08539757575757574,0.08078767676767681
878,4142.0,0.215038382026849,0.441,0.186,0.441,0.186,0.09565333333333334,0.030047676767676838
879,5052.0,0.27513812656913395,0.428,0.141,0.428,0.141,0.08764181818181821,0.021902222222222236
880,4909.0,0.27513812656913395,0.428,0.141,0.428,0.141,0.08764181818181821,0.021902222222222236
881,3469.0,0.13973430640194107,0.42,0.188,0.42,0.188,0.08028323232323235,0.04720646464646465
882,3778.0,0.13974863055969267,0.428,0.154,0.428,0.154,0.08352727272727273,0.03626424242424248
883,3201.0,0.12084103823910364,0.44,0.203,0.44,0.203,0.08198464646464639,0.04827232323232321
884,4873.0,0.27513812656913395,0.428,0.141,0.428,0.141,0.08764181818181821,0.021902222222222236
885,5073.0,0.27513812656913395,0.428,0.141,0.428,0.141,0.08764181818181821,0.021902222222222236
886,1151.0,0.03193790397270757,0.444,0.309,0.444,0.309,0.08246868686868682,0.07671919191919184
887,6254.0,0.22307798493851416,0.381,0.135,0.381,0.135,0.07789656565656572,0.01918060606060607
888,1236.0,0.03193790397270757,0.444,0.309,0.444,0.309,0.08246868686868682,0.07671919191919184
889,4191.0,0.19594332705671624,0.444,0.16,0.444,0.16,0.08963717171717163,0.023314747474747505
890,7993.0,0.293639168237956,0.402,0.132,0.402,0.132,0.08593515151515159,0.02008565656565657
891,1757.0,0.04340047970449079,0.456,0.271,0.456,0.271,0.0898759595959596,0.07514242424242422
892,3440.0,0.13973430640194107,0.42,0.188,0.42,0.188,0.08028323232323235,0.04720646464646465
893,7486.0,0.2590823219419792,0.389,0.161,0.389,0.161,0.09612101010101012,0.023621818181818206
894,7108.0,0.238173372744654,0.41,0.136,0.41,0.136,0.08495535353535341,0.01863757575757576
895,6719.0,0.26570863575181913,0.416,0.133,0.416,0.133,0.08864000000000001,0.02035717171717172
896,1383.0,0.02627578200125058,0.445,0.292,0.445,0.292,0.08642363636363638,0.08027414141414141
897,6737.0,0.26570863575181913,0.416,0.133,0.416,0.133,0.08864000000000001,0.02035717171717172
898,4062.0,0.215038382026849,0.441,0.186,0.441,0.186,0.09565333333333334,0.030047676767676838
899,1982.0,0.048354678288047626,0.403,0.239,0.403,0.239,0.08070080808080804,0.06603555555555554
900,3661.0,0.10542791708543142,0.421,0.183,0.421,0.183,0.08849232323232321,0.04775272727272727
901,5157.0,0.2567248533566179,0.402,0.129,0.402,0.129,0.08226060606060606,0.020680404040404044
902,5809.0,0.27830465828244877,0.408,0.148,0.408,0.148,0.08971959595959601,0.01977535353535353
903,7895.0,0.293639168237956,0.402,0.132,0.402,0.132,0.08593515151515159,0.02008565656565657
904,3788.0,0.13974863055969267,0.428,0.154,0.428,0.154,0.08352727272727273,0.03626424242424248
905,1803.0,0.02636090611408437,0.474,0.233,0.474,0.233,0.07983393939393936,0.06379676767676767
906,7274.0,0.28738943704599973,0.391,0.151,0.391,0.151,0.08577313131313138,0.02308525252525255
907,5316.0,0.29908802291107317,0.408,0.125,0.408,0.125,0.08426343434343431,0.016704646464646446
908,3636.0,0.10542791708543142,0.421,0.183,0.421,0.183,0.08849232323232321,0.04775272727272727
909,1556.0,0.015506693787822767,0.436,0.303,0.436,0.303,0.08539757575757574,0.08078767676767681
910,4481.0,0.2535793153464422,0.385,0.155,0.385,0.155,0.08706101010101011,0.02285898989898992
911,1997.0,0.048354678288047626,0.403,0.239,0.403,0.239,0.08070080808080804,0.06603555555555554
912,2900.0,0.07580585210041602,0.405,0.206,0.405,0.206,0.07908121212121214,0.055840606060606056
913,7816.0,0.293639168237956,0.402,0.132,0.402,0.132,0.08593515151515159,0.02008565656565657
914,7256.0,0.28738943704599973,0.391,0.151,0.391,0.151,0.08577313131313138,0.02308525252525255
915,6590.0,0.23756326636636294,0.383,0.127,0.383,0.127,0.08492666666666668,0.019316363636363642
916,7859.0,0.293639168237956,0.402,0.132,0.402,0.132,0.08593515151515159,0.02008565656565657
917,2393.0,0.10082777096755724,0.438,0.293,0.438,0.293,0.0887969696969697,0.0648492929292929
918,2922.0,0.07580585210041602,0.405,0.206,0.405,0.206,0.07908121212121214,0.055840606060606056
919,2342.0,0.10096901206668452,0.423,0.205,0.423,0.205,0.07742949494949498,0.042158383838383814
920,6439.0,0.23756326636636294,0.383,0.127,0.383,0.127,0.08492666666666668,0.019316363636363642
921,3932.0,0.1424724049672893,0.382,0.168,0.382,0.168,0.0784880808080808,0.05365737373737365
922,1403.0,0.02627578200125058,0.445,0.292,0.445,0.292,0.08642363636363638,0.08027414141414141
923,7931.0,0.293639168237956,0.402,0.132,0.402,0.132,0.08593515151515159,0.02008565656565657
924,7682.0,0.2590823219419792,0.389,0.161,0.389,0.161,0.09612101010101012,0.023621818181818206
925,6140.0,0.27830465828244877,0.408,0.148,0.408,0.148,0.08971959595959601,0.01977535353535353
926,6296.0,0.22307798493851416,0.381,0.135,0.381,0.135,0.07789656565656572,0.01918060606060607
927,5322.0,0.29908802291107317,0.408,0.125,0.408,0.125,0.08426343434343431,0.016704646464646446
928,6822.0,0.24939866379737707,0.408,0.143,0.408,0.143,0.08643535353535349,0.01999515151515154
929,4812.0,0.23833885564496549,0.385,0.124,0.385,0.124,0.0795408080808081,0.017894141414141397
930,5404.0,0.29908802291107317,0.408,0.125,0.408,0.125,0.08426343434343431,0.016704646464646446
931,5047.0,0.27513812656913395,0.428,0.141,0.428,0.141,0.08764181818181821,0.021902222222222236
932,5872.0,0.27830465828244877,0.408,0.148,0.408,0.148,0.08971959595959601,0.01977535353535353
933,2364.0,0.10082777096755724,0.438,0.293,0.438,0.293,0.0887969696969697,0.0648492929292929
934,1186.0,0.03193790397270757,0.444,0.309,0.444,0.309,0.08246868686868682,0.07671919191919184
935,6854.0,0.24939866379737707,0.408,0.143,0.408,0.143,0.08643535353535349,0.01999515151515154
936,3832.0,0.09916222696428845,0.418,0.195,0.418,0.195,0.0849094949494949,0.05307717171717165
937,1534.0,0.02812377125372012,0.393,0.293,0.393,0.293,0.07298828282828285,0.06977959595959604
938,2521.0,0.0968922999503018,0.46,0.25,0.46,0.25,0.09113030303030312,0.054788686868686876
939,2071.0,0.07933083498265459,0.399,0.254,0.399,0.254,0.08842929292929293,0.07571434343434348
940,6467.0,0.23756326636636294,0.383,0.127,0.383,0.127,0.08492666666666668,0.019316363636363642
941,6015.0,0.27830465828244877,0.408,0.148,0.408,0.148,0.08971959595959601,0.01977535353535353
942,1251.0,0.03193790397270757,0.444,0.309,0.444,0.309,0.08246868686868682,0.07671919191919184
943,5831.0,0.27830465828244877,0.408,0.148,0.408,0.148,0.08971959595959601,0.01977535353535353
944,1122.0,0.03193790397270757,0.444,0.309,0.444,0.309,0.08246868686868682,0.07671919191919184
945,5022.0,0.27513812656913395,0.428,0.141,0.428,0.141,0.08764181818181821,0.021902222222222236
946,1351.0,0.017476252148103,0.371,0.267,0.371,0.267,0.07590868686868693,0.06605757575757579
947,6901.0,0.24939866379737707,0.408,0.143,0.408,0.143,0.08643535353535349,0.01999515151515154
948,5688.0,0.27830465828244877,0.408,0.148,0.408,0.148,0.08971959595959601,0.01977535353535353
949,3849.0,0.1782081090560811,0.411,0.199,0.411,0.199,0.08200282828282818,0.05572525252525247
950,6810.0,0.24939866379737707,0.408,0.143,0.408,0.143,0.08643535353535349,0.01999515151515154
951,2333.0,0.10096901206668452,0.423,0.205,0.423,0.205,0.07742949494949498,0.042158383838383814
952,2623.0,0.12179125602379326,0.439,0.225,0.439,0.225,0.0894868686868686,0.04692949494949495
953,2151.0,0.10096901206668452,0.423,0.205,0.423,0.205,0.07742949494949498,0.042158383838383814
954,4414.0,0.2535793153464422,0.385,0.155,0.385,0.155,0.08706101010101011,0.02285898989898992
955,6081.0,0.27830465828244877,0.408,0.148,0.408,0.148,0.08971959595959601,0.01977535353535353
956,5878.0,0.27830465828244877,0.408,0.148,0.408,0.148,0.08971959595959601,0.01977535353535353
957,4501.0,0.2535793153464422,0.385,0.155,0.385,0.155,0.08706101010101011,0.02285898989898992
958,6968.0,0.24939866379737707,0.408,0.143,0.408,0.143,0.08643535353535349,0.01999515151515154
959,2444.0,0.10082777096755724,0.438,0.293,0.438,0.293,0.0887969696969697,0.0648492929292929
960,5993.0,0.27830465828244877,0.408,0.148,0.408,0.148,0.08971959595959601,0.01977535353535353
961,4444.0,0.2535793153464422,0.385,0.155,0.385,0.155,0.08706101010101011,0.02285898989898992
962,5754.0,0.27830465828244877,0.408,0.148,0.408,0.148,0.08971959595959601,0.01977535353535353
963,5737.0,0.27830465828244877,0.408,0.148,0.408,0.148,0.08971959595959601,0.01977535353535353
964,2948.0,0.07580585210041602,0.405,0.206,0.405,0.206,0.07908121212121214,0.055840606060606056
965,4530.0,0.2535793153464422,0.385,0.155,0.385,0.155,0.08706101010101011,0.02285898989898992
966,7239.0,0.28738943704599973,0.391,0.151,0.391,0.151,0.08577313131313138,0.02308525252525255
967,2882.0,0.08436590889791507,0.418,0.238,0.418,0.238,0.08571030303030298,0.06025838383838384
968,4514.0,0.2535793153464422,0.385,0.155,0.385,0.155,0.08706101010101011,0.02285898989898992
969,7254.0,0.28738943704599973,0.391,0.151,0.391,0.151,0.08577313131313138,0.02308525252525255
970,7490.0,0.2590823219419792,0.389,0.161,0.389,0.161,0.09612101010101012,0.023621818181818206
971,5105.0,0.2567248533566179,0.402,0.129,0.402,0.129,0.08226060606060606,0.020680404040404044
972,1352.0,0.017476252148103,0.371,0.267,0.371,0.267,0.07590868686868693,0.06605757575757579
973,4934.0,0.27513812656913395,0.428,0.141,0.428,0.141,0.08764181818181821,0.021902222222222236
974,4294.0,0.24480370661229123,0.391,0.121,0.391,0.121,0.07020888888888893,0.01770666666666667
975,7921.0,0.293639168237956,0.402,0.132,0.402,0.132,0.08593515151515159,0.02008565656565657
976,5097.0,0.2567248533566179,0.402,0.129,0.402,0.129,0.08226060606060606,0.020680404040404044
977,1946.0,0.048354678288047626,0.403,0.239,0.403,0.239,0.08070080808080804,0.06603555555555554
978,6871.0,0.24939866379737707,0.408,0.143,0.408,0.143,0.08643535353535349,0.01999515151515154
979,6700.0,0.26570863575181913,0.416,0.133,0.416,0.133,0.08864000000000001,0.02035717171717172
980,3387.0,0.13973430640194107,0.42,0.188,0.42,0.188,0.08028323232323235,0.04720646464646465
981,1486.0,0.03235165761306624,0.442,0.294,0.442,0.294,0.09065111111111111,0.07987818181818182
982,6345.0,0.23756326636636294,0.383,0.127,0.383,0.127,0.08492666666666668,0.019316363636363642
983,3076.0,0.12985076374349858,0.411,0.225,0.411,0.225,0.0879981818181818,0.048255151515151536
984,3078.0,0.12985076374349858,0.411,0.225,0.411,0.225,0.0879981818181818,0.048255151515151536
985,5902.0,0.27830465828244877,0.408,0.148,0.408,0.148,0.08971959595959601,0.01977535353535353
986,4858.0,0.27513812656913395,0.428,0.141,0.428,0.141,0.08764181818181821,0.021902222222222236
987,5280.0,0.29908802291107317,0.408,0.125,0.408,0.125,0.08426343434343431,0.016704646464646446
988,1700.0,0.029063664569920933,0.467,0.325,0.467,0.325,0.09457373737373724,0.08977575757575768
989,3203.0,0.12084103823910364,0.44,0.203,0.44,0.203,0.08198464646464639,0.04827232323232321
990,2603.0,0.12179125602379326,0.439,0.225,0.439,0.225,0.0894868686868686,0.04692949494949495
991,4438.0,0.2535793153464422,0.385,0.155,0.385,0.155,0.08706101010101011,0.02285898989898992
992,5058.0,0.27513812656913395,0.428,0.141,0.428,0.141,0.08764181818181821,0.021902222222222236
993,7133.0,0.28738943704599973,0.391,0.151,0.391,0.151,0.08577313131313138,0.02308525252525255
994,6735.0,0.26570863575181913,0.416,0.133,0.416,0.133,0.08864000000000001,0.02035717171717172
995,4046.0,0.215038382026849,0.441,0.186,0.441,0.186,0.09565333333333334,0.030047676767676838
996,1205.0,0.03193790397270757,0.444,0.309,0.444,0.309,0.08246868686868682,0.07671919191919184
997,7339.0,0.26544957137565894,0.395,0.126,0.395,0.126,0.08599393939393932,0.019206464646464635
998,2757.0,0.11380925428612143,0.425,0.207,0.425,0.207,0.08152020202020195,0.05089777777777782
999,3753.0,0.13974863055969267,0.428,0.154,0.428,0.154,0.08352727272727273,0.03626424242424248
